RuleId,SourceSheet,SourceRow,DeploymentMode,EnableInPolicy,Fidelity,RuleName,Domain,ObjectType,AdapterKindKey,ResourceKindKey,MetricName,MetricKey,ThresholdModel,AlertType,AlertSubType,ImpactType,ImpactDetail,AlertWaitCycles,AlertCancelCycles,StateSeverity,Branch,ConditionId,ConditionName,ConditionAdapterKindKey,ConditionResourceKindKey,Relation,Aggregation,ConditionType,ConditionKey,Operator,ThresholdType,Value,ValueMultiplier,ValueType,Instanced,ConditionWaitCycles,ConditionCancelCycles,SourceDecision,SourceAlertMonitor,SourceSignal,SourceGreen,SourceAmber,SourceRed,Correlation,ImplementationNotes,Source,Confidence
Y01-VSPHERE-COMMON-R14,vSphere (Common),14,MONITOR_ONLY,false,MONITOR_ONLY,vSphere World - CPU|Wait,vSphere,vSphere World,VMWARE,vSphere World,CPU|Wait,cpu|wait,Not suitable as a standalone RAG metric,16,19,BADGE,health,1,1,,,,,,,,,,,,,,,,,,,Alert,Do not alert standalone,N/A,N/A,N/A,N/A,Use CPU Ready/Contention for CPU scheduling and I/O wait plus storage latency for I/O symptoms.,CPU Wait includes idle and other wait states; it is validated as a collected context metric and deliberately creates no alert.,https://knowledge.broadcom.com/external/article/382249/using-esxtop-and-interpreting-esxtop-sta.html,High
Y02-VSPHERE-COMMON-R16,vSphere (Common),16,ALERT,true,EXACT,vSphere World - mem|Contention (%),vSphere,vSphere World,VMWARE,vSphere World,mem|Contention (%),mem|host_contentionPct,Static percentage,16,19,BADGE,health,1,1,WARNING,1,W1,Warning threshold,VMWARE,vSphere World,SELF,ALL,STATIC,mem|host_contentionPct,GT_EQ,STATIC,1,,NUMERIC,false,3,2,Alert,Alert,Memory contention %,< 1%,1% to < 5%,≥ 5%,"Confirm ballooning, swapping, compression or reduced active memory.",Direct static percentage thresholds from the workbook.,https://knowledge.broadcom.com/external/article/430030/faq-metrics-needed-in-aria-operations-fo.html,Medium
Y02-VSPHERE-COMMON-R16,vSphere (Common),16,ALERT,true,EXACT,vSphere World - mem|Contention (%),vSphere,vSphere World,VMWARE,vSphere World,mem|Contention (%),mem|host_contentionPct,Static percentage,16,19,BADGE,health,1,1,CRITICAL,1,C1,Critical threshold,VMWARE,vSphere World,SELF,ALL,STATIC,mem|host_contentionPct,GT_EQ,STATIC,5,,NUMERIC,false,3,2,Alert,Alert,Memory contention %,< 1%,1% to < 5%,≥ 5%,"Confirm ballooning, swapping, compression or reduced active memory.",Direct static percentage thresholds from the workbook.,https://knowledge.broadcom.com/external/article/430030/faq-metrics-needed-in-aria-operations-fo.html,Medium
Y03-VSPHERE-COMMON-R22,vSphere (Common),22,ALERT,true,CORRELATED_NATIVE,vSphere World - mem|Usage/Usable (%),vSphere,vSphere World,VMWARE,vSphere World,mem|Usage/Usable (%),mem|host_usagePct,Static percentage,16,19,BADGE,health,1,1,WARNING,1,W1,Memory usage warning,VMWARE,vSphere World,SELF,ALL,STATIC,mem|host_usagePct,GT_EQ,STATIC,90,,NUMERIC,false,3,2,Alert,Alert with pressure correlation,Host memory usage %,< 90%,90% to < 95%,≥ 95%,"Require contention, ballooning, swapping or sustained reclaim activity before paging.",Host memory usage is gated by the workbook-selected memory contention metric to avoid pressure-free usage alerts.,https://knowledge.broadcom.com/external/article/415396/high-memory-utilization-alarms-observed.html,High
Y03-VSPHERE-COMMON-R22,vSphere (Common),22,ALERT,true,CORRELATED_NATIVE,vSphere World - mem|Usage/Usable (%),vSphere,vSphere World,VMWARE,vSphere World,mem|Usage/Usable (%),mem|host_usagePct,Static percentage,16,19,BADGE,health,1,1,WARNING,1,W2,Memory contention warning gate,VMWARE,vSphere World,SELF,ALL,STATIC,mem|host_contentionPct,GT_EQ,STATIC,1,,NUMERIC,false,3,2,Alert,Alert with pressure correlation,Host memory usage %,< 90%,90% to < 95%,≥ 95%,"Require contention, ballooning, swapping or sustained reclaim activity before paging.",Host memory usage is gated by the workbook-selected memory contention metric to avoid pressure-free usage alerts.,https://knowledge.broadcom.com/external/article/415396/high-memory-utilization-alarms-observed.html,High
Y03-VSPHERE-COMMON-R22,vSphere (Common),22,ALERT,true,CORRELATED_NATIVE,vSphere World - mem|Usage/Usable (%),vSphere,vSphere World,VMWARE,vSphere World,mem|Usage/Usable (%),mem|host_usagePct,Static percentage,16,19,BADGE,health,1,1,CRITICAL,1,C1,Memory usage critical,VMWARE,vSphere World,SELF,ALL,STATIC,mem|host_usagePct,GT_EQ,STATIC,95,,NUMERIC,false,3,2,Alert,Alert with pressure correlation,Host memory usage %,< 90%,90% to < 95%,≥ 95%,"Require contention, ballooning, swapping or sustained reclaim activity before paging.",Host memory usage is gated by the workbook-selected memory contention metric to avoid pressure-free usage alerts.,https://knowledge.broadcom.com/external/article/415396/high-memory-utilization-alarms-observed.html,High
Y03-VSPHERE-COMMON-R22,vSphere (Common),22,ALERT,true,CORRELATED_NATIVE,vSphere World - mem|Usage/Usable (%),vSphere,vSphere World,VMWARE,vSphere World,mem|Usage/Usable (%),mem|host_usagePct,Static percentage,16,19,BADGE,health,1,1,CRITICAL,1,C2,Memory contention critical gate,VMWARE,vSphere World,SELF,ALL,STATIC,mem|host_contentionPct,GT_EQ,STATIC,5,,NUMERIC,false,3,2,Alert,Alert with pressure correlation,Host memory usage %,< 90%,90% to < 95%,≥ 95%,"Require contention, ballooning, swapping or sustained reclaim activity before paging.",Host memory usage is gated by the workbook-selected memory contention metric to avoid pressure-free usage alerts.,https://knowledge.broadcom.com/external/article/415396/high-memory-utilization-alarms-observed.html,High
Y04-VSPHERE-COMMON-R23,vSphere (Common),23,ALERT,true,CORRELATED_NATIVE,vSphere World - mem|Workload (%),vSphere,vSphere World,VMWARE,vSphere World,mem|Workload (%),mem|workload,Workload percentage,16,19,BADGE,health,1,1,WARNING,1,W1,Memory workload warning,VMWARE,vSphere World,SELF,ALL,STATIC,mem|workload,GT_EQ,STATIC,80,,NUMERIC,false,3,2,?,Review before enabling,Memory workload %,< 80%,80% to ≤ 100%,> 100%,"Memory contention, ballooning and swap activity.",Memory workload is gated by memory contention as requested by the workbook correlation guidance.,https://knowledge.broadcom.com/external/article/430030/faq-metrics-needed-in-aria-operations-fo.html,Medium-Low
Y04-VSPHERE-COMMON-R23,vSphere (Common),23,ALERT,true,CORRELATED_NATIVE,vSphere World - mem|Workload (%),vSphere,vSphere World,VMWARE,vSphere World,mem|Workload (%),mem|workload,Workload percentage,16,19,BADGE,health,1,1,WARNING,1,W2,Contention warning gate,VMWARE,vSphere World,SELF,ALL,STATIC,mem|host_contentionPct,GT_EQ,STATIC,1,,NUMERIC,false,3,2,?,Review before enabling,Memory workload %,< 80%,80% to ≤ 100%,> 100%,"Memory contention, ballooning and swap activity.",Memory workload is gated by memory contention as requested by the workbook correlation guidance.,https://knowledge.broadcom.com/external/article/430030/faq-metrics-needed-in-aria-operations-fo.html,Medium-Low
Y04-VSPHERE-COMMON-R23,vSphere (Common),23,ALERT,true,CORRELATED_NATIVE,vSphere World - mem|Workload (%),vSphere,vSphere World,VMWARE,vSphere World,mem|Workload (%),mem|workload,Workload percentage,16,19,BADGE,health,1,1,CRITICAL,1,C1,Memory workload critical,VMWARE,vSphere World,SELF,ALL,STATIC,mem|workload,GT,STATIC,100,,NUMERIC,false,3,2,?,Review before enabling,Memory workload %,< 80%,80% to ≤ 100%,> 100%,"Memory contention, ballooning and swap activity.",Memory workload is gated by memory contention as requested by the workbook correlation guidance.,https://knowledge.broadcom.com/external/article/430030/faq-metrics-needed-in-aria-operations-fo.html,Medium-Low
Y04-VSPHERE-COMMON-R23,vSphere (Common),23,ALERT,true,CORRELATED_NATIVE,vSphere World - mem|Workload (%),vSphere,vSphere World,VMWARE,vSphere World,mem|Workload (%),mem|workload,Workload percentage,16,19,BADGE,health,1,1,CRITICAL,1,C2,Contention critical gate,VMWARE,vSphere World,SELF,ALL,STATIC,mem|host_contentionPct,GT_EQ,STATIC,5,,NUMERIC,false,3,2,?,Review before enabling,Memory workload %,< 80%,80% to ≤ 100%,> 100%,"Memory contention, ballooning and swap activity.",Memory workload is gated by memory contention as requested by the workbook correlation guidance.,https://knowledge.broadcom.com/external/article/430030/faq-metrics-needed-in-aria-operations-fo.html,Medium-Low
Y05-VSPHERE-COMMON-R24,vSphere (Common),24,ALERT,true,EXACT,vSphere World - net|Packets Dropped (%),vSphere,vSphere World,VMWARE,vSphere World,net|Packets Dropped (%),net|droppedPct,Static percentage,16,19,BADGE,health,1,1,WARNING,1,W1,Warning threshold,VMWARE,vSphere World,SELF,ALL,STATIC,net|droppedPct,GT_EQ,STATIC,1,,NUMERIC,false,2,2,Alert,Alert,Dropped packets as % of total packets,< 1%,1% to ≤ 4%,> 4%,"NIC errors, switch port counters, uplink saturation and teaming state.",Direct dropped-packet percentage thresholds from the workbook.,https://knowledge.broadcom.com/external/article/433209/vm-network-has-dropped-transmit-packets.html,High
Y05-VSPHERE-COMMON-R24,vSphere (Common),24,ALERT,true,EXACT,vSphere World - net|Packets Dropped (%),vSphere,vSphere World,VMWARE,vSphere World,net|Packets Dropped (%),net|droppedPct,Static percentage,16,19,BADGE,health,1,1,CRITICAL,1,C1,Critical threshold,VMWARE,vSphere World,SELF,ALL,STATIC,net|droppedPct,GT,STATIC,4,,NUMERIC,false,2,2,Alert,Alert,Dropped packets as % of total packets,< 1%,1% to ≤ 4%,> 4%,"NIC errors, switch port counters, uplink saturation and teaming state.",Direct dropped-packet percentage thresholds from the workbook.,https://knowledge.broadcom.com/external/article/433209/vm-network-has-dropped-transmit-packets.html,High
Y06-VSPHERE-COMMON-R27,vSphere (Common),27,ALERT,true,NATIVE_DYNAMIC,vSphere World - disk|Total IOPS,vSphere,vSphere World,VMWARE,vSphere World,disk|Total IOPS,disk|commandsAveraged_average,Dynamic baseline,16,19,BADGE,health,1,1,WARNING,1,W1,Primary metric above dynamic threshold,VMWARE,vSphere World,SELF,ALL,DYNAMIC,disk|commandsAveraged_average,DT_ABOVE,,,,NUMERIC,false,3,2,Alert,Baseline / context metric,IOPS or virtual-disk activity versus 30-day same-time baseline,≤ 95th percentile or latency Green,> 95th percentile and latency Amber,> 99th percentile and latency Red / queue saturated,"Datastore latency, queue depth, OIO, storage policy and workload schedule.",The workbook percentile wording is implemented with Aria Operations' native DT_ABOVE condition. Latency gates distinguish Warning from Critical and suppress activity-only alerts.,https://knowledge.broadcom.com/external/article/430030/faq-metrics-needed-in-aria-operations-fo.html ; https://knowledge.broadcom.com/external/article/382249/using-esxtop-and-interpreting-esxtop-sta.html,High
Y06-VSPHERE-COMMON-R27,vSphere (Common),27,ALERT,true,NATIVE_DYNAMIC,vSphere World - disk|Total IOPS,vSphere,vSphere World,VMWARE,vSphere World,disk|Total IOPS,disk|commandsAveraged_average,Dynamic baseline,16,19,BADGE,health,1,1,WARNING,1,W2,Latency warning gate,VMWARE,Datastore,DESCENDANT,ALL,STATIC,datastore|totalLatency_average,GT_EQ,STATIC,15,,NUMERIC,false,3,2,Alert,Baseline / context metric,IOPS or virtual-disk activity versus 30-day same-time baseline,≤ 95th percentile or latency Green,> 95th percentile and latency Amber,> 99th percentile and latency Red / queue saturated,"Datastore latency, queue depth, OIO, storage policy and workload schedule.",The workbook percentile wording is implemented with Aria Operations' native DT_ABOVE condition. Latency gates distinguish Warning from Critical and suppress activity-only alerts.,https://knowledge.broadcom.com/external/article/430030/faq-metrics-needed-in-aria-operations-fo.html ; https://knowledge.broadcom.com/external/article/382249/using-esxtop-and-interpreting-esxtop-sta.html,High
Y06-VSPHERE-COMMON-R27,vSphere (Common),27,ALERT,true,NATIVE_DYNAMIC,vSphere World - disk|Total IOPS,vSphere,vSphere World,VMWARE,vSphere World,disk|Total IOPS,disk|commandsAveraged_average,Dynamic baseline,16,19,BADGE,health,1,1,CRITICAL,1,C1,Primary metric above dynamic threshold,VMWARE,vSphere World,SELF,ALL,DYNAMIC,disk|commandsAveraged_average,DT_ABOVE,,,,NUMERIC,false,3,2,Alert,Baseline / context metric,IOPS or virtual-disk activity versus 30-day same-time baseline,≤ 95th percentile or latency Green,> 95th percentile and latency Amber,> 99th percentile and latency Red / queue saturated,"Datastore latency, queue depth, OIO, storage policy and workload schedule.",The workbook percentile wording is implemented with Aria Operations' native DT_ABOVE condition. Latency gates distinguish Warning from Critical and suppress activity-only alerts.,https://knowledge.broadcom.com/external/article/430030/faq-metrics-needed-in-aria-operations-fo.html ; https://knowledge.broadcom.com/external/article/382249/using-esxtop-and-interpreting-esxtop-sta.html,High
Y06-VSPHERE-COMMON-R27,vSphere (Common),27,ALERT,true,NATIVE_DYNAMIC,vSphere World - disk|Total IOPS,vSphere,vSphere World,VMWARE,vSphere World,disk|Total IOPS,disk|commandsAveraged_average,Dynamic baseline,16,19,BADGE,health,1,1,CRITICAL,1,C2,Latency critical gate,VMWARE,Datastore,DESCENDANT,ALL,STATIC,datastore|totalLatency_average,GT_EQ,STATIC,30,,NUMERIC,false,3,2,Alert,Baseline / context metric,IOPS or virtual-disk activity versus 30-day same-time baseline,≤ 95th percentile or latency Green,> 95th percentile and latency Amber,> 99th percentile and latency Red / queue saturated,"Datastore latency, queue depth, OIO, storage policy and workload schedule.",The workbook percentile wording is implemented with Aria Operations' native DT_ABOVE condition. Latency gates distinguish Warning from Critical and suppress activity-only alerts.,https://knowledge.broadcom.com/external/article/430030/faq-metrics-needed-in-aria-operations-fo.html ; https://knowledge.broadcom.com/external/article/382249/using-esxtop-and-interpreting-esxtop-sta.html,High
Y07-VSPHERE-COMMON-R29,vSphere (Common),29,ALERT,true,CORRELATED_NATIVE,vSphere World - disk|Workload (%),vSphere,vSphere World,VMWARE,vSphere World,disk|Workload (%),disk|workload,Workload percentage,16,19,BADGE,health,1,1,WARNING,1,W1,Storage workload warning,VMWARE,vSphere World,SELF,ALL,STATIC,disk|workload,GT_EQ,STATIC,80,,NUMERIC,false,3,2,Alert,Alert with latency correlation,Storage workload %,< 80%,80% to ≤ 100%,> 100%,Require datastore latency Amber/Red or queue saturation.,Storage workload is gated by disk latency as required by the workbook.,https://knowledge.broadcom.com/external/article/430030/faq-metrics-needed-in-aria-operations-fo.html,Medium
Y07-VSPHERE-COMMON-R29,vSphere (Common),29,ALERT,true,CORRELATED_NATIVE,vSphere World - disk|Workload (%),vSphere,vSphere World,VMWARE,vSphere World,disk|Workload (%),disk|workload,Workload percentage,16,19,BADGE,health,1,1,WARNING,1,W2,Latency warning gate,VMWARE,Datastore,DESCENDANT,ALL,STATIC,datastore|totalLatency_average,GT_EQ,STATIC,15,,NUMERIC,false,3,2,Alert,Alert with latency correlation,Storage workload %,< 80%,80% to ≤ 100%,> 100%,Require datastore latency Amber/Red or queue saturation.,Storage workload is gated by disk latency as required by the workbook.,https://knowledge.broadcom.com/external/article/430030/faq-metrics-needed-in-aria-operations-fo.html,Medium
Y07-VSPHERE-COMMON-R29,vSphere (Common),29,ALERT,true,CORRELATED_NATIVE,vSphere World - disk|Workload (%),vSphere,vSphere World,VMWARE,vSphere World,disk|Workload (%),disk|workload,Workload percentage,16,19,BADGE,health,1,1,CRITICAL,1,C1,Storage workload critical,VMWARE,vSphere World,SELF,ALL,STATIC,disk|workload,GT,STATIC,100,,NUMERIC,false,3,2,Alert,Alert with latency correlation,Storage workload %,< 80%,80% to ≤ 100%,> 100%,Require datastore latency Amber/Red or queue saturation.,Storage workload is gated by disk latency as required by the workbook.,https://knowledge.broadcom.com/external/article/430030/faq-metrics-needed-in-aria-operations-fo.html,Medium
Y07-VSPHERE-COMMON-R29,vSphere (Common),29,ALERT,true,CORRELATED_NATIVE,vSphere World - disk|Workload (%),vSphere,vSphere World,VMWARE,vSphere World,disk|Workload (%),disk|workload,Workload percentage,16,19,BADGE,health,1,1,CRITICAL,1,C2,Latency critical gate,VMWARE,Datastore,DESCENDANT,ALL,STATIC,datastore|totalLatency_average,GT_EQ,STATIC,30,,NUMERIC,false,3,2,Alert,Alert with latency correlation,Storage workload %,< 80%,80% to ≤ 100%,> 100%,Require datastore latency Amber/Red or queue saturation.,Storage workload is gated by disk latency as required by the workbook.,https://knowledge.broadcom.com/external/article/430030/faq-metrics-needed-in-aria-operations-fo.html,Medium
Y08-VCENTER-SERVER-R2,vCenter Server,2,ALERT,true,CORRELATED_NATIVE,vCenter Server (system) - Capacity Usage (%),vCenter,vCenter Server (system),VMWARE,VMwareAdapter Instance,Capacity Usage (%),cpu|capacity_usagepct_average,Static percentage,20,19,BADGE,health,1,1,WARNING,1,W1,CPU usage warning,VMWARE,VMwareAdapter Instance,SELF,ALL,STATIC,cpu|capacity_usagepct_average,GT_EQ,STATIC,75,,NUMERIC,false,3,2,Alert,Alert with correlation,CPU capacity/usage %,< 75%,75% to < 90%,≥ 90%,"For VM CPU Usage, require CPU demand plus Ready/Contention ≥5% before paging.",CPU usage is gated by CPU contention on the vCenter adapter instance.,https://knowledge.broadcom.com/external/article/421543/esxi-host-cpu-usage-alarms-and-vm-perfor.html,High for host/vCenter; Medium for VM
Y08-VCENTER-SERVER-R2,vCenter Server,2,ALERT,true,CORRELATED_NATIVE,vCenter Server (system) - Capacity Usage (%),vCenter,vCenter Server (system),VMWARE,VMwareAdapter Instance,Capacity Usage (%),cpu|capacity_usagepct_average,Static percentage,20,19,BADGE,health,1,1,WARNING,1,W2,CPU contention warning gate,VMWARE,VMwareAdapter Instance,SELF,ALL,STATIC,cpu|capacity_contentionPct,GT_EQ,STATIC,5,,NUMERIC,false,3,2,Alert,Alert with correlation,CPU capacity/usage %,< 75%,75% to < 90%,≥ 90%,"For VM CPU Usage, require CPU demand plus Ready/Contention ≥5% before paging.",CPU usage is gated by CPU contention on the vCenter adapter instance.,https://knowledge.broadcom.com/external/article/421543/esxi-host-cpu-usage-alarms-and-vm-perfor.html,High for host/vCenter; Medium for VM
Y08-VCENTER-SERVER-R2,vCenter Server,2,ALERT,true,CORRELATED_NATIVE,vCenter Server (system) - Capacity Usage (%),vCenter,vCenter Server (system),VMWARE,VMwareAdapter Instance,Capacity Usage (%),cpu|capacity_usagepct_average,Static percentage,20,19,BADGE,health,1,1,CRITICAL,1,C1,CPU usage critical,VMWARE,VMwareAdapter Instance,SELF,ALL,STATIC,cpu|capacity_usagepct_average,GT_EQ,STATIC,90,,NUMERIC,false,3,2,Alert,Alert with correlation,CPU capacity/usage %,< 75%,75% to < 90%,≥ 90%,"For VM CPU Usage, require CPU demand plus Ready/Contention ≥5% before paging.",CPU usage is gated by CPU contention on the vCenter adapter instance.,https://knowledge.broadcom.com/external/article/421543/esxi-host-cpu-usage-alarms-and-vm-perfor.html,High for host/vCenter; Medium for VM
Y08-VCENTER-SERVER-R2,vCenter Server,2,ALERT,true,CORRELATED_NATIVE,vCenter Server (system) - Capacity Usage (%),vCenter,vCenter Server (system),VMWARE,VMwareAdapter Instance,Capacity Usage (%),cpu|capacity_usagepct_average,Static percentage,20,19,BADGE,health,1,1,CRITICAL,1,C2,CPU contention critical gate,VMWARE,VMwareAdapter Instance,SELF,ALL,STATIC,cpu|capacity_contentionPct,GT_EQ,STATIC,10,,NUMERIC,false,3,2,Alert,Alert with correlation,CPU capacity/usage %,< 75%,75% to < 90%,≥ 90%,"For VM CPU Usage, require CPU demand plus Ready/Contention ≥5% before paging.",CPU usage is gated by CPU contention on the vCenter adapter instance.,https://knowledge.broadcom.com/external/article/421543/esxi-host-cpu-usage-alarms-and-vm-perfor.html,High for host/vCenter; Medium for VM
Y09-VCENTER-SERVER-R7,vCenter Server,7,ALERT,true,NATIVE_DYNAMIC,vCenter Server (system) - IO Wait (ms),vCenter,vCenter Server (system),VMWARE,VMwareAdapter Instance,IO Wait (ms),cpu|iowait,Dynamic baseline,20,19,BADGE,health,1,1,WARNING,1,W1,Primary metric above dynamic threshold,VMWARE,VMwareAdapter Instance,SELF,ALL,DYNAMIC,cpu|iowait,DT_ABOVE,,,,NUMERIC,false,3,2,Alert,Baseline / correlated alert,I/O wait milliseconds compared with the object's 30-day same-time baseline,≤ 95th percentile and storage latency Green,> 95th percentile and storage latency Amber,> 99th percentile and storage latency Red,"Datastore/device latency, OIO/queueing and ESXi version.",The workbook percentile wording is implemented with Aria Operations' native DT_ABOVE condition. Latency gates distinguish Warning from Critical and suppress activity-only alerts.,https://knowledge.broadcom.com/external/article/338438/increased-vmwait-for-idle-vms-after-upgr.html ; https://knowledge.broadcom.com/external/article/382249/using-esxtop-and-interpreting-esxtop-sta.html,Medium
Y09-VCENTER-SERVER-R7,vCenter Server,7,ALERT,true,NATIVE_DYNAMIC,vCenter Server (system) - IO Wait (ms),vCenter,vCenter Server (system),VMWARE,VMwareAdapter Instance,IO Wait (ms),cpu|iowait,Dynamic baseline,20,19,BADGE,health,1,1,WARNING,1,W2,Latency warning gate,VMWARE,VMwareAdapter Instance,SELF,ALL,STATIC,disk|totalLatency_average,GT_EQ,STATIC,15,,NUMERIC,false,3,2,Alert,Baseline / correlated alert,I/O wait milliseconds compared with the object's 30-day same-time baseline,≤ 95th percentile and storage latency Green,> 95th percentile and storage latency Amber,> 99th percentile and storage latency Red,"Datastore/device latency, OIO/queueing and ESXi version.",The workbook percentile wording is implemented with Aria Operations' native DT_ABOVE condition. Latency gates distinguish Warning from Critical and suppress activity-only alerts.,https://knowledge.broadcom.com/external/article/338438/increased-vmwait-for-idle-vms-after-upgr.html ; https://knowledge.broadcom.com/external/article/382249/using-esxtop-and-interpreting-esxtop-sta.html,Medium
Y09-VCENTER-SERVER-R7,vCenter Server,7,ALERT,true,NATIVE_DYNAMIC,vCenter Server (system) - IO Wait (ms),vCenter,vCenter Server (system),VMWARE,VMwareAdapter Instance,IO Wait (ms),cpu|iowait,Dynamic baseline,20,19,BADGE,health,1,1,CRITICAL,1,C1,Primary metric above dynamic threshold,VMWARE,VMwareAdapter Instance,SELF,ALL,DYNAMIC,cpu|iowait,DT_ABOVE,,,,NUMERIC,false,3,2,Alert,Baseline / correlated alert,I/O wait milliseconds compared with the object's 30-day same-time baseline,≤ 95th percentile and storage latency Green,> 95th percentile and storage latency Amber,> 99th percentile and storage latency Red,"Datastore/device latency, OIO/queueing and ESXi version.",The workbook percentile wording is implemented with Aria Operations' native DT_ABOVE condition. Latency gates distinguish Warning from Critical and suppress activity-only alerts.,https://knowledge.broadcom.com/external/article/338438/increased-vmwait-for-idle-vms-after-upgr.html ; https://knowledge.broadcom.com/external/article/382249/using-esxtop-and-interpreting-esxtop-sta.html,Medium
Y09-VCENTER-SERVER-R7,vCenter Server,7,ALERT,true,NATIVE_DYNAMIC,vCenter Server (system) - IO Wait (ms),vCenter,vCenter Server (system),VMWARE,VMwareAdapter Instance,IO Wait (ms),cpu|iowait,Dynamic baseline,20,19,BADGE,health,1,1,CRITICAL,1,C2,Latency critical gate,VMWARE,VMwareAdapter Instance,SELF,ALL,STATIC,disk|totalLatency_average,GT_EQ,STATIC,30,,NUMERIC,false,3,2,Alert,Baseline / correlated alert,I/O wait milliseconds compared with the object's 30-day same-time baseline,≤ 95th percentile and storage latency Green,> 95th percentile and storage latency Amber,> 99th percentile and storage latency Red,"Datastore/device latency, OIO/queueing and ESXi version.",The workbook percentile wording is implemented with Aria Operations' native DT_ABOVE condition. Latency gates distinguish Warning from Critical and suppress activity-only alerts.,https://knowledge.broadcom.com/external/article/338438/increased-vmwait-for-idle-vms-after-upgr.html ; https://knowledge.broadcom.com/external/article/382249/using-esxtop-and-interpreting-esxtop-sta.html,Medium
Y10-VCENTER-SERVER-R14,vCenter Server,14,MONITOR_ONLY,false,MONITOR_ONLY,vCenter Server (system) - Wait (ms),vCenter,vCenter Server (system),VMWARE,VMwareAdapter Instance,Wait (ms),cpu|wait,Not suitable as a standalone RAG metric,20,19,BADGE,health,1,1,,,,,,,,,,,,,,,,,,,Alert,Do not alert standalone,N/A,N/A,N/A,N/A,Use CPU Ready/Contention for CPU scheduling and I/O wait plus storage latency for I/O symptoms.,CPU Wait includes idle time; the workbook explicitly says not to alert on it independently.,https://knowledge.broadcom.com/external/article/382249/using-esxtop-and-interpreting-esxtop-sta.html,High
Y11-VCENTER-SERVER-R18,vCenter Server,18,ALERT,true,NATIVE_DYNAMIC,vCenter Server (system) - Outstanding IO requests,vCenter,vCenter Server (system),VMWARE,VMwareAdapter Instance,Outstanding IO requests,datastore|demand_oio,Dynamic baseline plus queue depth,20,19,BADGE,health,1,1,WARNING,1,W1,Primary metric above dynamic threshold,VMWARE,VMwareAdapter Instance,SELF,ALL,DYNAMIC,datastore|demand_oio,DT_ABOVE,,,,NUMERIC,false,3,2,Alert,Baseline / queue-aware alert,Outstanding I/O compared with baseline and configured queue depth,≤ 95th percentile and queue load < 1,> 95th percentile or queue 70%–100% utilised,> 99th percentile or queue load > 1 with latency Red,"HBA/device queue depth, datastore latency, commands queued and storage path health.",The workbook percentile wording is implemented with Aria Operations' native DT_ABOVE condition. Latency gates distinguish Warning from Critical and suppress activity-only alerts.,https://knowledge.broadcom.com/external/article/382249/using-esxtop-and-interpreting-esxtop-sta.html,High
Y11-VCENTER-SERVER-R18,vCenter Server,18,ALERT,true,NATIVE_DYNAMIC,vCenter Server (system) - Outstanding IO requests,vCenter,vCenter Server (system),VMWARE,VMwareAdapter Instance,Outstanding IO requests,datastore|demand_oio,Dynamic baseline plus queue depth,20,19,BADGE,health,1,1,WARNING,1,W2,Latency warning gate,VMWARE,VMwareAdapter Instance,SELF,ALL,STATIC,disk|totalLatency_average,GT_EQ,STATIC,15,,NUMERIC,false,3,2,Alert,Baseline / queue-aware alert,Outstanding I/O compared with baseline and configured queue depth,≤ 95th percentile and queue load < 1,> 95th percentile or queue 70%–100% utilised,> 99th percentile or queue load > 1 with latency Red,"HBA/device queue depth, datastore latency, commands queued and storage path health.",The workbook percentile wording is implemented with Aria Operations' native DT_ABOVE condition. Latency gates distinguish Warning from Critical and suppress activity-only alerts.,https://knowledge.broadcom.com/external/article/382249/using-esxtop-and-interpreting-esxtop-sta.html,High
Y11-VCENTER-SERVER-R18,vCenter Server,18,ALERT,true,NATIVE_DYNAMIC,vCenter Server (system) - Outstanding IO requests,vCenter,vCenter Server (system),VMWARE,VMwareAdapter Instance,Outstanding IO requests,datastore|demand_oio,Dynamic baseline plus queue depth,20,19,BADGE,health,1,1,CRITICAL,1,C1,Primary metric above dynamic threshold,VMWARE,VMwareAdapter Instance,SELF,ALL,DYNAMIC,datastore|demand_oio,DT_ABOVE,,,,NUMERIC,false,3,2,Alert,Baseline / queue-aware alert,Outstanding I/O compared with baseline and configured queue depth,≤ 95th percentile and queue load < 1,> 95th percentile or queue 70%–100% utilised,> 99th percentile or queue load > 1 with latency Red,"HBA/device queue depth, datastore latency, commands queued and storage path health.",The workbook percentile wording is implemented with Aria Operations' native DT_ABOVE condition. Latency gates distinguish Warning from Critical and suppress activity-only alerts.,https://knowledge.broadcom.com/external/article/382249/using-esxtop-and-interpreting-esxtop-sta.html,High
Y11-VCENTER-SERVER-R18,vCenter Server,18,ALERT,true,NATIVE_DYNAMIC,vCenter Server (system) - Outstanding IO requests,vCenter,vCenter Server (system),VMWARE,VMwareAdapter Instance,Outstanding IO requests,datastore|demand_oio,Dynamic baseline plus queue depth,20,19,BADGE,health,1,1,CRITICAL,1,C2,Latency critical gate,VMWARE,VMwareAdapter Instance,SELF,ALL,STATIC,disk|totalLatency_average,GT_EQ,STATIC,30,,NUMERIC,false,3,2,Alert,Baseline / queue-aware alert,Outstanding I/O compared with baseline and configured queue depth,≤ 95th percentile and queue load < 1,> 95th percentile or queue 70%–100% utilised,> 99th percentile or queue load > 1 with latency Red,"HBA/device queue depth, datastore latency, commands queued and storage path health.",The workbook percentile wording is implemented with Aria Operations' native DT_ABOVE condition. Latency gates distinguish Warning from Critical and suppress activity-only alerts.,https://knowledge.broadcom.com/external/article/382249/using-esxtop-and-interpreting-esxtop-sta.html,High
Y12-VCENTER-SERVER-R24,vCenter Server,24,ALERT,true,EXACT,vCenter Server (system) - Total Latency (ms),vCenter,vCenter Server (system),VMWARE,VMwareAdapter Instance,Total Latency (ms),disk|totalLatency_average,Static latency with media profile,20,19,BADGE,health,1,1,WARNING,1,W1,Warning threshold,VMWARE,VMwareAdapter Instance,SELF,ALL,STATIC,disk|totalLatency_average,GT_EQ,STATIC,15,,NUMERIC,false,3,2,Alert,Alert,Average read/write/total latency (ms),< 15 ms,15 ms to < 30 ms,≥ 30 ms,"Use array/vSAN policy, OIO/queueing, IOPS and throughput to identify cause.",Direct latency thresholds from the workbook.,https://knowledge.broadcom.com/external/article/320864/storage-drs-faq.html ; https://knowledge.broadcom.com/external/article/389082/troubleshooting-vsan-latency-and-perform.html,High
Y12-VCENTER-SERVER-R24,vCenter Server,24,ALERT,true,EXACT,vCenter Server (system) - Total Latency (ms),vCenter,vCenter Server (system),VMWARE,VMwareAdapter Instance,Total Latency (ms),disk|totalLatency_average,Static latency with media profile,20,19,BADGE,health,1,1,CRITICAL,1,C1,Critical threshold,VMWARE,VMwareAdapter Instance,SELF,ALL,STATIC,disk|totalLatency_average,GT_EQ,STATIC,30,,NUMERIC,false,3,2,Alert,Alert,Average read/write/total latency (ms),< 15 ms,15 ms to < 30 ms,≥ 30 ms,"Use array/vSAN policy, OIO/queueing, IOPS and throughput to identify cause.",Direct latency thresholds from the workbook.,https://knowledge.broadcom.com/external/article/320864/storage-drs-faq.html ; https://knowledge.broadcom.com/external/article/389082/troubleshooting-vsan-latency-and-perform.html,High
Y13-VCENTER-SERVER-R33,vCenter Server,33,ALERT,true,NATIVE_DYNAMIC,vCenter Server (system) - ESX System Usage,vCenter,vCenter Server (system),VMWARE,VMwareAdapter Instance,ESX System Usage,mem|host_systemUsage,Dynamic baseline,20,19,BADGE,health,1,1,WARNING,1,W1,System memory above dynamic threshold,VMWARE,VMwareAdapter Instance,SELF,ALL,DYNAMIC,mem|host_systemUsage,DT_ABOVE,,,,NUMERIC,false,3,2,Alert,Monitor / baseline only,ESXi/vCenter system memory usage compared with 30-day baseline,≤ 95th percentile,> 95th percentile,> 99th percentile and pressure metrics degraded,"Host usage %, contention, ballooning, swap and object-count changes.",Native dynamic thresholding is used; Critical also requires measurable memory contention.,https://knowledge.broadcom.com/external/article/415396/high-memory-utilization-alarms-observed.html,Medium
Y13-VCENTER-SERVER-R33,vCenter Server,33,ALERT,true,NATIVE_DYNAMIC,vCenter Server (system) - ESX System Usage,vCenter,vCenter Server (system),VMWARE,VMwareAdapter Instance,ESX System Usage,mem|host_systemUsage,Dynamic baseline,20,19,BADGE,health,1,1,CRITICAL,1,C1,System memory above dynamic threshold,VMWARE,VMwareAdapter Instance,SELF,ALL,DYNAMIC,mem|host_systemUsage,DT_ABOVE,,,,NUMERIC,false,3,2,Alert,Monitor / baseline only,ESXi/vCenter system memory usage compared with 30-day baseline,≤ 95th percentile,> 95th percentile,> 99th percentile and pressure metrics degraded,"Host usage %, contention, ballooning, swap and object-count changes.",Native dynamic thresholding is used; Critical also requires measurable memory contention.,https://knowledge.broadcom.com/external/article/415396/high-memory-utilization-alarms-observed.html,Medium
Y13-VCENTER-SERVER-R33,vCenter Server,33,ALERT,true,NATIVE_DYNAMIC,vCenter Server (system) - ESX System Usage,vCenter,vCenter Server (system),VMWARE,VMwareAdapter Instance,ESX System Usage,mem|host_systemUsage,Dynamic baseline,20,19,BADGE,health,1,1,CRITICAL,1,C2,Memory-pressure critical gate,VMWARE,VMwareAdapter Instance,SELF,ALL,STATIC,mem|host_contentionPct,GT_EQ,STATIC,5,,NUMERIC,false,3,2,Alert,Monitor / baseline only,ESXi/vCenter system memory usage compared with 30-day baseline,≤ 95th percentile,> 95th percentile,> 99th percentile and pressure metrics degraded,"Host usage %, contention, ballooning, swap and object-count changes.",Native dynamic thresholding is used; Critical also requires measurable memory contention.,https://knowledge.broadcom.com/external/article/415396/high-memory-utilization-alarms-observed.html,Medium
Y14-VCENTER-SERVER-R45,vCenter Server,45,ALERT,true,EXACT,vCenter Server (system) - Received Packets Dropped,vCenter,vCenter Server (system),VMWARE,VMwareAdapter Instance,Received Packets Dropped,net|droppedRx_summation,Static count plus percentage,20,19,BADGE,health,1,1,WARNING,1,W1,Raw drop-count warning,VMWARE,VMwareAdapter Instance,SELF,ALL,STATIC,net|droppedRx_summation,GT_EQ,STATIC,100,,NUMERIC,false,2,2,Alert,Alert; prefer derived percentage,Drops per collection and drops/total packets %,< 100 drops and < 1%,100–400 drops or 1%–4%,> 400 drops or > 4%,"Total packet count, NIC errors and physical/vDS port statistics.",Raw drop counts are combined with the available dropped-packet percentage metric using OR branches.,https://knowledge.broadcom.com/external/article/433209/vm-network-has-dropped-transmit-packets.html,High
Y14-VCENTER-SERVER-R45,vCenter Server,45,ALERT,true,EXACT,vCenter Server (system) - Received Packets Dropped,vCenter,vCenter Server (system),VMWARE,VMwareAdapter Instance,Received Packets Dropped,net|droppedRx_summation,Static count plus percentage,20,19,BADGE,health,1,1,WARNING,2,W2,Drop-percentage warning,VMWARE,VMwareAdapter Instance,SELF,ALL,STATIC,net|droppedPct,GT_EQ,STATIC,1,,NUMERIC,false,2,2,Alert,Alert; prefer derived percentage,Drops per collection and drops/total packets %,< 100 drops and < 1%,100–400 drops or 1%–4%,> 400 drops or > 4%,"Total packet count, NIC errors and physical/vDS port statistics.",Raw drop counts are combined with the available dropped-packet percentage metric using OR branches.,https://knowledge.broadcom.com/external/article/433209/vm-network-has-dropped-transmit-packets.html,High
Y14-VCENTER-SERVER-R45,vCenter Server,45,ALERT,true,EXACT,vCenter Server (system) - Received Packets Dropped,vCenter,vCenter Server (system),VMWARE,VMwareAdapter Instance,Received Packets Dropped,net|droppedRx_summation,Static count plus percentage,20,19,BADGE,health,1,1,CRITICAL,1,C1,Raw drop-count critical,VMWARE,VMwareAdapter Instance,SELF,ALL,STATIC,net|droppedRx_summation,GT,STATIC,400,,NUMERIC,false,2,2,Alert,Alert; prefer derived percentage,Drops per collection and drops/total packets %,< 100 drops and < 1%,100–400 drops or 1%–4%,> 400 drops or > 4%,"Total packet count, NIC errors and physical/vDS port statistics.",Raw drop counts are combined with the available dropped-packet percentage metric using OR branches.,https://knowledge.broadcom.com/external/article/433209/vm-network-has-dropped-transmit-packets.html,High
Y14-VCENTER-SERVER-R45,vCenter Server,45,ALERT,true,EXACT,vCenter Server (system) - Received Packets Dropped,vCenter,vCenter Server (system),VMWARE,VMwareAdapter Instance,Received Packets Dropped,net|droppedRx_summation,Static count plus percentage,20,19,BADGE,health,1,1,CRITICAL,2,C2,Drop-percentage critical,VMWARE,VMwareAdapter Instance,SELF,ALL,STATIC,net|droppedPct,GT,STATIC,4,,NUMERIC,false,2,2,Alert,Alert; prefer derived percentage,Drops per collection and drops/total packets %,< 100 drops and < 1%,100–400 drops or 1%–4%,> 400 drops or > 4%,"Total packet count, NIC errors and physical/vDS port statistics.",Raw drop counts are combined with the available dropped-packet percentage metric using OR branches.,https://knowledge.broadcom.com/external/article/433209/vm-network-has-dropped-transmit-packets.html,High
Y15-VCENTER-SERVER-R46,vCenter Server,46,ALERT,true,EXACT,vCenter Server (system) - Transmitted Packets Dropped,vCenter,vCenter Server (system),VMWARE,VMwareAdapter Instance,Transmitted Packets Dropped,net|droppedTx_summation,Static count plus percentage,20,19,BADGE,health,1,1,WARNING,1,W1,Raw drop-count warning,VMWARE,VMwareAdapter Instance,SELF,ALL,STATIC,net|droppedTx_summation,GT_EQ,STATIC,100,,NUMERIC,false,2,2,Alert,Alert; prefer derived percentage,Drops per collection and drops/total packets %,< 100 drops and < 1%,100–400 drops or 1%–4%,> 400 drops or > 4%,"Total packet count, NIC errors and physical/vDS port statistics.",Raw drop counts are combined with the available dropped-packet percentage metric using OR branches.,https://knowledge.broadcom.com/external/article/433209/vm-network-has-dropped-transmit-packets.html,High
Y15-VCENTER-SERVER-R46,vCenter Server,46,ALERT,true,EXACT,vCenter Server (system) - Transmitted Packets Dropped,vCenter,vCenter Server (system),VMWARE,VMwareAdapter Instance,Transmitted Packets Dropped,net|droppedTx_summation,Static count plus percentage,20,19,BADGE,health,1,1,WARNING,2,W2,Drop-percentage warning,VMWARE,VMwareAdapter Instance,SELF,ALL,STATIC,net|droppedPct,GT_EQ,STATIC,1,,NUMERIC,false,2,2,Alert,Alert; prefer derived percentage,Drops per collection and drops/total packets %,< 100 drops and < 1%,100–400 drops or 1%–4%,> 400 drops or > 4%,"Total packet count, NIC errors and physical/vDS port statistics.",Raw drop counts are combined with the available dropped-packet percentage metric using OR branches.,https://knowledge.broadcom.com/external/article/433209/vm-network-has-dropped-transmit-packets.html,High
Y15-VCENTER-SERVER-R46,vCenter Server,46,ALERT,true,EXACT,vCenter Server (system) - Transmitted Packets Dropped,vCenter,vCenter Server (system),VMWARE,VMwareAdapter Instance,Transmitted Packets Dropped,net|droppedTx_summation,Static count plus percentage,20,19,BADGE,health,1,1,CRITICAL,1,C1,Raw drop-count critical,VMWARE,VMwareAdapter Instance,SELF,ALL,STATIC,net|droppedTx_summation,GT,STATIC,400,,NUMERIC,false,2,2,Alert,Alert; prefer derived percentage,Drops per collection and drops/total packets %,< 100 drops and < 1%,100–400 drops or 1%–4%,> 400 drops or > 4%,"Total packet count, NIC errors and physical/vDS port statistics.",Raw drop counts are combined with the available dropped-packet percentage metric using OR branches.,https://knowledge.broadcom.com/external/article/433209/vm-network-has-dropped-transmit-packets.html,High
Y15-VCENTER-SERVER-R46,vCenter Server,46,ALERT,true,EXACT,vCenter Server (system) - Transmitted Packets Dropped,vCenter,vCenter Server (system),VMWARE,VMwareAdapter Instance,Transmitted Packets Dropped,net|droppedTx_summation,Static count plus percentage,20,19,BADGE,health,1,1,CRITICAL,2,C2,Drop-percentage critical,VMWARE,VMwareAdapter Instance,SELF,ALL,STATIC,net|droppedPct,GT,STATIC,4,,NUMERIC,false,2,2,Alert,Alert; prefer derived percentage,Drops per collection and drops/total packets %,< 100 drops and < 1%,100–400 drops or 1%–4%,> 400 drops or > 4%,"Total packet count, NIC errors and physical/vDS port statistics.",Raw drop counts are combined with the available dropped-packet percentage metric using OR branches.,https://knowledge.broadcom.com/external/article/433209/vm-network-has-dropped-transmit-packets.html,High
Y16-VCENTER-SERVER-R61,vCenter Server,61,ALERT,true,EXACT_PARAMETERIZED,vCenter Server (system) - VC Query Time (ms),vCenter,vCenter Server (system),VMWARE,VMwareAdapter Instance,VC Query Time (ms),summary|vc_query_time,Collection-interval ratio,20,19,BADGE,health,1,1,WARNING,1,W1,Query time is at least half the collection interval,VMWARE,VMwareAdapter Instance,SELF,ALL,COLLECTION_RATIO,summary|vc_query_time,GT_EQ,STATIC,,0.5,NUMERIC,false,2,2,Alert,Alert,VC query time ÷ configured collection interval,< 50% of collection interval,50% to < 100% of collection interval,≥ 100% of collection interval or collection gaps,"vCenter response time, object count, collector CPU/memory and network latency.",Threshold values are calculated at run time from -CollectionIntervalSeconds; the default 300-second interval produces 150000 ms and 300000 ms.,https://knowledge.broadcom.com/external/article/407276/number-of-objects-is-not-correct-incompl.html,High
Y16-VCENTER-SERVER-R61,vCenter Server,61,ALERT,true,EXACT_PARAMETERIZED,vCenter Server (system) - VC Query Time (ms),vCenter,vCenter Server (system),VMWARE,VMwareAdapter Instance,VC Query Time (ms),summary|vc_query_time,Collection-interval ratio,20,19,BADGE,health,1,1,CRITICAL,1,C1,Query time reaches the collection interval,VMWARE,VMwareAdapter Instance,SELF,ALL,COLLECTION_RATIO,summary|vc_query_time,GT_EQ,STATIC,,1,NUMERIC,false,2,2,Alert,Alert,VC query time ÷ configured collection interval,< 50% of collection interval,50% to < 100% of collection interval,≥ 100% of collection interval or collection gaps,"vCenter response time, object count, collector CPU/memory and network latency.",Threshold values are calculated at run time from -CollectionIntervalSeconds; the default 300-second interval produces 150000 ms and 300000 ms.,https://knowledge.broadcom.com/external/article/407276/number-of-objects-is-not-correct-incompl.html,High
Y17-DATASTORES-R2,Datastores,2,ALERT,true,NATIVE_DYNAMIC,Storage Pod (Datastore Cluster) - Read IOPS,Datastores,Storage Pod (Datastore Cluster),VMWARE,StoragePod,Read IOPS,datastore|numberReadAveraged_average,Dynamic baseline,18,19,BADGE,health,1,1,WARNING,1,W1,Primary metric above dynamic threshold,VMWARE,StoragePod,SELF,ALL,DYNAMIC,datastore|numberReadAveraged_average,DT_ABOVE,,,,NUMERIC,false,3,2,Alert,Baseline / context metric,IOPS or virtual-disk activity versus 30-day same-time baseline,≤ 95th percentile or latency Green,> 95th percentile and latency Amber,> 99th percentile and latency Red / queue saturated,"Datastore latency, queue depth, OIO, storage policy and workload schedule.",The workbook percentile wording is implemented with Aria Operations' native DT_ABOVE condition. Latency gates distinguish Warning from Critical and suppress activity-only alerts.,https://knowledge.broadcom.com/external/article/430030/faq-metrics-needed-in-aria-operations-fo.html ; https://knowledge.broadcom.com/external/article/382249/using-esxtop-and-interpreting-esxtop-sta.html,High
Y17-DATASTORES-R2,Datastores,2,ALERT,true,NATIVE_DYNAMIC,Storage Pod (Datastore Cluster) - Read IOPS,Datastores,Storage Pod (Datastore Cluster),VMWARE,StoragePod,Read IOPS,datastore|numberReadAveraged_average,Dynamic baseline,18,19,BADGE,health,1,1,WARNING,1,W2,Latency warning gate,VMWARE,StoragePod,SELF,ALL,STATIC,datastore|totalLatency_average,GT_EQ,STATIC,15,,NUMERIC,false,3,2,Alert,Baseline / context metric,IOPS or virtual-disk activity versus 30-day same-time baseline,≤ 95th percentile or latency Green,> 95th percentile and latency Amber,> 99th percentile and latency Red / queue saturated,"Datastore latency, queue depth, OIO, storage policy and workload schedule.",The workbook percentile wording is implemented with Aria Operations' native DT_ABOVE condition. Latency gates distinguish Warning from Critical and suppress activity-only alerts.,https://knowledge.broadcom.com/external/article/430030/faq-metrics-needed-in-aria-operations-fo.html ; https://knowledge.broadcom.com/external/article/382249/using-esxtop-and-interpreting-esxtop-sta.html,High
Y17-DATASTORES-R2,Datastores,2,ALERT,true,NATIVE_DYNAMIC,Storage Pod (Datastore Cluster) - Read IOPS,Datastores,Storage Pod (Datastore Cluster),VMWARE,StoragePod,Read IOPS,datastore|numberReadAveraged_average,Dynamic baseline,18,19,BADGE,health,1,1,CRITICAL,1,C1,Primary metric above dynamic threshold,VMWARE,StoragePod,SELF,ALL,DYNAMIC,datastore|numberReadAveraged_average,DT_ABOVE,,,,NUMERIC,false,3,2,Alert,Baseline / context metric,IOPS or virtual-disk activity versus 30-day same-time baseline,≤ 95th percentile or latency Green,> 95th percentile and latency Amber,> 99th percentile and latency Red / queue saturated,"Datastore latency, queue depth, OIO, storage policy and workload schedule.",The workbook percentile wording is implemented with Aria Operations' native DT_ABOVE condition. Latency gates distinguish Warning from Critical and suppress activity-only alerts.,https://knowledge.broadcom.com/external/article/430030/faq-metrics-needed-in-aria-operations-fo.html ; https://knowledge.broadcom.com/external/article/382249/using-esxtop-and-interpreting-esxtop-sta.html,High
Y17-DATASTORES-R2,Datastores,2,ALERT,true,NATIVE_DYNAMIC,Storage Pod (Datastore Cluster) - Read IOPS,Datastores,Storage Pod (Datastore Cluster),VMWARE,StoragePod,Read IOPS,datastore|numberReadAveraged_average,Dynamic baseline,18,19,BADGE,health,1,1,CRITICAL,1,C2,Latency critical gate,VMWARE,StoragePod,SELF,ALL,STATIC,datastore|totalLatency_average,GT_EQ,STATIC,30,,NUMERIC,false,3,2,Alert,Baseline / context metric,IOPS or virtual-disk activity versus 30-day same-time baseline,≤ 95th percentile or latency Green,> 95th percentile and latency Amber,> 99th percentile and latency Red / queue saturated,"Datastore latency, queue depth, OIO, storage policy and workload schedule.",The workbook percentile wording is implemented with Aria Operations' native DT_ABOVE condition. Latency gates distinguish Warning from Critical and suppress activity-only alerts.,https://knowledge.broadcom.com/external/article/430030/faq-metrics-needed-in-aria-operations-fo.html ; https://knowledge.broadcom.com/external/article/382249/using-esxtop-and-interpreting-esxtop-sta.html,High
Y18-DATASTORES-R7,Datastores,7,ALERT,true,EXACT,Storage Pod (Datastore Cluster) - Read Latency,Datastores,Storage Pod (Datastore Cluster),VMWARE,StoragePod,Read Latency,datastore|totalReadLatency_average,Static latency with media profile,18,19,BADGE,health,1,1,WARNING,1,W1,Warning threshold,VMWARE,StoragePod,SELF,ALL,STATIC,datastore|totalReadLatency_average,GT_EQ,STATIC,15,,NUMERIC,false,3,2,Alert,Alert,Average read/write/total latency (ms),< 15 ms,15 ms to < 30 ms,≥ 30 ms,"Use array/vSAN policy, OIO/queueing, IOPS and throughput to identify cause.",Direct latency thresholds from the workbook.,https://knowledge.broadcom.com/external/article/320864/storage-drs-faq.html ; https://knowledge.broadcom.com/external/article/389082/troubleshooting-vsan-latency-and-perform.html,High
Y18-DATASTORES-R7,Datastores,7,ALERT,true,EXACT,Storage Pod (Datastore Cluster) - Read Latency,Datastores,Storage Pod (Datastore Cluster),VMWARE,StoragePod,Read Latency,datastore|totalReadLatency_average,Static latency with media profile,18,19,BADGE,health,1,1,CRITICAL,1,C1,Critical threshold,VMWARE,StoragePod,SELF,ALL,STATIC,datastore|totalReadLatency_average,GT_EQ,STATIC,30,,NUMERIC,false,3,2,Alert,Alert,Average read/write/total latency (ms),< 15 ms,15 ms to < 30 ms,≥ 30 ms,"Use array/vSAN policy, OIO/queueing, IOPS and throughput to identify cause.",Direct latency thresholds from the workbook.,https://knowledge.broadcom.com/external/article/320864/storage-drs-faq.html ; https://knowledge.broadcom.com/external/article/389082/troubleshooting-vsan-latency-and-perform.html,High
Y19-DATASTORES-R8,Datastores,8,ALERT,true,EXACT,Storage Pod (Datastore Cluster) - Write Latency,Datastores,Storage Pod (Datastore Cluster),VMWARE,StoragePod,Write Latency,datastore|totalWriteLatency_average,Static latency with media profile,18,19,BADGE,health,1,1,WARNING,1,W1,Warning threshold,VMWARE,StoragePod,SELF,ALL,STATIC,datastore|totalWriteLatency_average,GT_EQ,STATIC,15,,NUMERIC,false,3,2,Alert,Alert,Average read/write/total latency (ms),< 15 ms,15 ms to < 30 ms,≥ 30 ms,"Use array/vSAN policy, OIO/queueing, IOPS and throughput to identify cause.",Direct latency thresholds from the workbook.,https://knowledge.broadcom.com/external/article/320864/storage-drs-faq.html ; https://knowledge.broadcom.com/external/article/389082/troubleshooting-vsan-latency-and-perform.html,High
Y19-DATASTORES-R8,Datastores,8,ALERT,true,EXACT,Storage Pod (Datastore Cluster) - Write Latency,Datastores,Storage Pod (Datastore Cluster),VMWARE,StoragePod,Write Latency,datastore|totalWriteLatency_average,Static latency with media profile,18,19,BADGE,health,1,1,CRITICAL,1,C1,Critical threshold,VMWARE,StoragePod,SELF,ALL,STATIC,datastore|totalWriteLatency_average,GT_EQ,STATIC,30,,NUMERIC,false,3,2,Alert,Alert,Average read/write/total latency (ms),< 15 ms,15 ms to < 30 ms,≥ 30 ms,"Use array/vSAN policy, OIO/queueing, IOPS and throughput to identify cause.",Direct latency thresholds from the workbook.,https://knowledge.broadcom.com/external/article/320864/storage-drs-faq.html ; https://knowledge.broadcom.com/external/article/389082/troubleshooting-vsan-latency-and-perform.html,High
Y20-DATASTORES-R9,Datastores,9,ALERT,true,EXACT,Storage Pod (Datastore Cluster) - Total Latency (ms),Datastores,Storage Pod (Datastore Cluster),VMWARE,StoragePod,Total Latency (ms),datastore|totalLatency_average,Static latency with media profile,18,19,BADGE,health,1,1,WARNING,1,W1,Warning threshold,VMWARE,StoragePod,SELF,ALL,STATIC,datastore|totalLatency_average,GT_EQ,STATIC,15,,NUMERIC,false,3,2,Alert,Alert,Average read/write/total latency (ms),< 15 ms,15 ms to < 30 ms,≥ 30 ms,"Use array/vSAN policy, OIO/queueing, IOPS and throughput to identify cause.",Direct latency thresholds from the workbook.,https://knowledge.broadcom.com/external/article/320864/storage-drs-faq.html ; https://knowledge.broadcom.com/external/article/389082/troubleshooting-vsan-latency-and-perform.html,High
Y20-DATASTORES-R9,Datastores,9,ALERT,true,EXACT,Storage Pod (Datastore Cluster) - Total Latency (ms),Datastores,Storage Pod (Datastore Cluster),VMWARE,StoragePod,Total Latency (ms),datastore|totalLatency_average,Static latency with media profile,18,19,BADGE,health,1,1,CRITICAL,1,C1,Critical threshold,VMWARE,StoragePod,SELF,ALL,STATIC,datastore|totalLatency_average,GT_EQ,STATIC,30,,NUMERIC,false,3,2,Alert,Alert,Average read/write/total latency (ms),< 15 ms,15 ms to < 30 ms,≥ 30 ms,"Use array/vSAN policy, OIO/queueing, IOPS and throughput to identify cause.",Direct latency thresholds from the workbook.,https://knowledge.broadcom.com/external/article/320864/storage-drs-faq.html ; https://knowledge.broadcom.com/external/article/389082/troubleshooting-vsan-latency-and-perform.html,High
Y21-DATASTORES-R11,Datastores,11,ALERT,true,NATIVE_EQUIVALENT,Storage Pod (Datastore Cluster) - Freespace,Datastores,Storage Pod (Datastore Cluster),VMWARE,StoragePod,Freespace,diskspace|freespace,Derived capacity percentage,18,19,BADGE,health,1,1,WARNING,1,W1,Capacity remaining warning,VMWARE,StoragePod,SELF,ALL,STATIC,diskspace|capacityRemaining,LT_EQ,STATIC,25,,NUMERIC,false,2,2,Alert,Alert on derived used %,Used % = 100 × (1 − free space / total capacity),< 75% used (> 25% free),75% to < 85% used,≥ 85% used,"Datastore growth rate, snapshot activity, storage class and vSAN free-space policy.",The workbook's derived used percentage is implemented with the native capacity-remaining percentage metric. A seven-day forecast branch is also included.,https://knowledge.broadcom.com/external/article/392458/getting-datastore-usage-on-disk-alert-o.html ; https://knowledge.broadcom.com/external/article/320864/storage-drs-faq.html,High for 75%; Medium for Red band
Y21-DATASTORES-R11,Datastores,11,ALERT,true,NATIVE_EQUIVALENT,Storage Pod (Datastore Cluster) - Freespace,Datastores,Storage Pod (Datastore Cluster),VMWARE,StoragePod,Freespace,diskspace|freespace,Derived capacity percentage,18,19,BADGE,health,1,1,CRITICAL,1,C1,Capacity remaining critical,VMWARE,StoragePod,SELF,ALL,STATIC,diskspace|capacityRemaining,LT_EQ,STATIC,15,,NUMERIC,false,2,2,Alert,Alert on derived used %,Used % = 100 × (1 − free space / total capacity),< 75% used (> 25% free),75% to < 85% used,≥ 85% used,"Datastore growth rate, snapshot activity, storage class and vSAN free-space policy.",The workbook's derived used percentage is implemented with the native capacity-remaining percentage metric. A seven-day forecast branch is also included.,https://knowledge.broadcom.com/external/article/392458/getting-datastore-usage-on-disk-alert-o.html ; https://knowledge.broadcom.com/external/article/320864/storage-drs-faq.html,High for 75%; Medium for Red band
Y21-DATASTORES-R11,Datastores,11,ALERT,true,NATIVE_EQUIVALENT,Storage Pod (Datastore Cluster) - Freespace,Datastores,Storage Pod (Datastore Cluster),VMWARE,StoragePod,Freespace,diskspace|freespace,Derived capacity percentage,18,19,BADGE,health,1,1,CRITICAL,2,C2A,Forecast is valid,VMWARE,StoragePod,SELF,ALL,STATIC,diskspace|timeRemaining,GT,STATIC,0,,NUMERIC,false,2,2,Alert,Alert on derived used %,Used % = 100 × (1 − free space / total capacity),< 75% used (> 25% free),75% to < 85% used,≥ 85% used,"Datastore growth rate, snapshot activity, storage class and vSAN free-space policy.",The workbook's derived used percentage is implemented with the native capacity-remaining percentage metric. A seven-day forecast branch is also included.,https://knowledge.broadcom.com/external/article/392458/getting-datastore-usage-on-disk-alert-o.html ; https://knowledge.broadcom.com/external/article/320864/storage-drs-faq.html,High for 75%; Medium for Red band
Y21-DATASTORES-R11,Datastores,11,ALERT,true,NATIVE_EQUIVALENT,Storage Pod (Datastore Cluster) - Freespace,Datastores,Storage Pod (Datastore Cluster),VMWARE,StoragePod,Freespace,diskspace|freespace,Derived capacity percentage,18,19,BADGE,health,1,1,CRITICAL,2,C2B,Forecast breach within seven days,VMWARE,StoragePod,SELF,ALL,STATIC,diskspace|timeRemaining,LT_EQ,STATIC,7,,NUMERIC,false,2,2,Alert,Alert on derived used %,Used % = 100 × (1 − free space / total capacity),< 75% used (> 25% free),75% to < 85% used,≥ 85% used,"Datastore growth rate, snapshot activity, storage class and vSAN free-space policy.",The workbook's derived used percentage is implemented with the native capacity-remaining percentage metric. A seven-day forecast branch is also included.,https://knowledge.broadcom.com/external/article/392458/getting-datastore-usage-on-disk-alert-o.html ; https://knowledge.broadcom.com/external/article/320864/storage-drs-faq.html,High for 75%; Medium for Red band
Y22-DATASTORES-R15,Datastores,15,ALERT,true,SAFE_PROXY,Storage Pod (Datastore Cluster) - Snapshot Space,Datastores,Storage Pod (Datastore Cluster),VMWARE,StoragePod,Snapshot Space,diskspace|snapshot,Composite policy,18,19,BADGE,health,1,1,WARNING,1,W1,Snapshot space above dynamic threshold,VMWARE,StoragePod,SELF,ALL,DYNAMIC,diskspace|snapshot,DT_ABOVE,,,,NUMERIC,false,2,2,Alert,Alert on size and age,Snapshot space as % of datastore plus oldest snapshot age,< 5% and no snapshot older than 24 hours,5%–10% or oldest snapshot 24–72 hours,> 10% or any snapshot older than 72 hours,"Datastore free space, change rate, backup tooling and approved maintenance exceptions.",Aria has snapshot age on descendant VMs but no deployable snapshot-space percentage for StoragePod. Native snapshot-space dynamics are combined with exact 1-day/3-day descendant age limits.,https://knowledge.broadcom.com/external/article/318825/best-practices-for-using-vmware-snapshot.html ; https://knowledge.broadcom.com/external/article/418600/recommendations-for-creating-a-snapshot.html,High for age; Policy for size
Y22-DATASTORES-R15,Datastores,15,ALERT,true,SAFE_PROXY,Storage Pod (Datastore Cluster) - Snapshot Space,Datastores,Storage Pod (Datastore Cluster),VMWARE,StoragePod,Snapshot Space,diskspace|snapshot,Composite policy,18,19,BADGE,health,1,1,WARNING,2,W2,Descendant VM snapshot at least one day old,VMWARE,VirtualMachine,DESCENDANT,ALL,PROPERTY_NUMERIC,diskspace|snapshot|snapshotAge,GT_EQ,STATIC,1,,NUMERIC,false,1,2,Alert,Alert on size and age,Snapshot space as % of datastore plus oldest snapshot age,< 5% and no snapshot older than 24 hours,5%–10% or oldest snapshot 24–72 hours,> 10% or any snapshot older than 72 hours,"Datastore free space, change rate, backup tooling and approved maintenance exceptions.",Aria has snapshot age on descendant VMs but no deployable snapshot-space percentage for StoragePod. Native snapshot-space dynamics are combined with exact 1-day/3-day descendant age limits.,https://knowledge.broadcom.com/external/article/318825/best-practices-for-using-vmware-snapshot.html ; https://knowledge.broadcom.com/external/article/418600/recommendations-for-creating-a-snapshot.html,High for age; Policy for size
Y22-DATASTORES-R15,Datastores,15,ALERT,true,SAFE_PROXY,Storage Pod (Datastore Cluster) - Snapshot Space,Datastores,Storage Pod (Datastore Cluster),VMWARE,StoragePod,Snapshot Space,diskspace|snapshot,Composite policy,18,19,BADGE,health,1,1,CRITICAL,1,C1,Sustained snapshot-space anomaly,VMWARE,StoragePod,SELF,ALL,DYNAMIC,diskspace|snapshot,DT_ABOVE,,,,NUMERIC,false,4,2,Alert,Alert on size and age,Snapshot space as % of datastore plus oldest snapshot age,< 5% and no snapshot older than 24 hours,5%–10% or oldest snapshot 24–72 hours,> 10% or any snapshot older than 72 hours,"Datastore free space, change rate, backup tooling and approved maintenance exceptions.",Aria has snapshot age on descendant VMs but no deployable snapshot-space percentage for StoragePod. Native snapshot-space dynamics are combined with exact 1-day/3-day descendant age limits.,https://knowledge.broadcom.com/external/article/318825/best-practices-for-using-vmware-snapshot.html ; https://knowledge.broadcom.com/external/article/418600/recommendations-for-creating-a-snapshot.html,High for age; Policy for size
Y22-DATASTORES-R15,Datastores,15,ALERT,true,SAFE_PROXY,Storage Pod (Datastore Cluster) - Snapshot Space,Datastores,Storage Pod (Datastore Cluster),VMWARE,StoragePod,Snapshot Space,diskspace|snapshot,Composite policy,18,19,BADGE,health,1,1,CRITICAL,2,C2,Descendant VM snapshot at least three days old,VMWARE,VirtualMachine,DESCENDANT,ALL,PROPERTY_NUMERIC,diskspace|snapshot|snapshotAge,GT_EQ,STATIC,3,,NUMERIC,false,1,2,Alert,Alert on size and age,Snapshot space as % of datastore plus oldest snapshot age,< 5% and no snapshot older than 24 hours,5%–10% or oldest snapshot 24–72 hours,> 10% or any snapshot older than 72 hours,"Datastore free space, change rate, backup tooling and approved maintenance exceptions.",Aria has snapshot age on descendant VMs but no deployable snapshot-space percentage for StoragePod. Native snapshot-space dynamics are combined with exact 1-day/3-day descendant age limits.,https://knowledge.broadcom.com/external/article/318825/best-practices-for-using-vmware-snapshot.html ; https://knowledge.broadcom.com/external/article/418600/recommendations-for-creating-a-snapshot.html,High for age; Policy for size
Y23-DATASTORES-R24,Datastores,24,ALERT,true,EXACT,Datastore - Devices|Bus Resets,Datastores,Datastore,VMWARE,Datastore,Devices|Bus Resets,devices|busResets_summation,Error counter,18,19,BADGE,health,1,1,WARNING,1,W1,One event in one collection,VMWARE,Datastore,SELF,ALL,STATIC,devices|busResets_summation,EQ,STATIC,1,,NUMERIC,true,1,2,Alert,Alert,"New events per collection (use delta, not lifetime total)",0,1 event in one collection,≥ 2 events in a collection or any event in 2 consecutive collections,"Storage paths, HBA/device logs, APD/PDL events and array health.","Interval counters use a one-event warning and two independent Critical branches: two events in one interval, or any event sustained for two intervals.",https://knowledge.broadcom.com/external/article/382249/using-esxtop-and-interpreting-esxtop-sta.html,High
Y23-DATASTORES-R24,Datastores,24,ALERT,true,EXACT,Datastore - Devices|Bus Resets,Datastores,Datastore,VMWARE,Datastore,Devices|Bus Resets,devices|busResets_summation,Error counter,18,19,BADGE,health,1,1,CRITICAL,1,C1,Two or more events in one collection,VMWARE,Datastore,SELF,ALL,STATIC,devices|busResets_summation,GT_EQ,STATIC,2,,NUMERIC,true,1,2,Alert,Alert,"New events per collection (use delta, not lifetime total)",0,1 event in one collection,≥ 2 events in a collection or any event in 2 consecutive collections,"Storage paths, HBA/device logs, APD/PDL events and array health.","Interval counters use a one-event warning and two independent Critical branches: two events in one interval, or any event sustained for two intervals.",https://knowledge.broadcom.com/external/article/382249/using-esxtop-and-interpreting-esxtop-sta.html,High
Y23-DATASTORES-R24,Datastores,24,ALERT,true,EXACT,Datastore - Devices|Bus Resets,Datastores,Datastore,VMWARE,Datastore,Devices|Bus Resets,devices|busResets_summation,Error counter,18,19,BADGE,health,1,1,CRITICAL,2,C2,Any event in two consecutive collections,VMWARE,Datastore,SELF,ALL,STATIC,devices|busResets_summation,GT,STATIC,0,,NUMERIC,true,2,2,Alert,Alert,"New events per collection (use delta, not lifetime total)",0,1 event in one collection,≥ 2 events in a collection or any event in 2 consecutive collections,"Storage paths, HBA/device logs, APD/PDL events and array health.","Interval counters use a one-event warning and two independent Critical branches: two events in one interval, or any event sustained for two intervals.",https://knowledge.broadcom.com/external/article/382249/using-esxtop-and-interpreting-esxtop-sta.html,High
Y24-DATASTORES-R25,Datastores,25,ALERT,true,EXACT,Datastore - Devices|Commands Aborted,Datastores,Datastore,VMWARE,Datastore,Devices|Commands Aborted,devices|commandsAborted_summation,Error counter,18,19,BADGE,health,1,1,WARNING,1,W1,One event in one collection,VMWARE,Datastore,SELF,ALL,STATIC,devices|commandsAborted_summation,EQ,STATIC,1,,NUMERIC,true,1,2,Alert,Alert,"New events per collection (use delta, not lifetime total)",0,1 event in one collection,≥ 2 events in a collection or any event in 2 consecutive collections,"Storage paths, HBA/device logs, APD/PDL events and array health.","Interval counters use a one-event warning and two independent Critical branches: two events in one interval, or any event sustained for two intervals.",https://knowledge.broadcom.com/external/article/382249/using-esxtop-and-interpreting-esxtop-sta.html,High
Y24-DATASTORES-R25,Datastores,25,ALERT,true,EXACT,Datastore - Devices|Commands Aborted,Datastores,Datastore,VMWARE,Datastore,Devices|Commands Aborted,devices|commandsAborted_summation,Error counter,18,19,BADGE,health,1,1,CRITICAL,1,C1,Two or more events in one collection,VMWARE,Datastore,SELF,ALL,STATIC,devices|commandsAborted_summation,GT_EQ,STATIC,2,,NUMERIC,true,1,2,Alert,Alert,"New events per collection (use delta, not lifetime total)",0,1 event in one collection,≥ 2 events in a collection or any event in 2 consecutive collections,"Storage paths, HBA/device logs, APD/PDL events and array health.","Interval counters use a one-event warning and two independent Critical branches: two events in one interval, or any event sustained for two intervals.",https://knowledge.broadcom.com/external/article/382249/using-esxtop-and-interpreting-esxtop-sta.html,High
Y24-DATASTORES-R25,Datastores,25,ALERT,true,EXACT,Datastore - Devices|Commands Aborted,Datastores,Datastore,VMWARE,Datastore,Devices|Commands Aborted,devices|commandsAborted_summation,Error counter,18,19,BADGE,health,1,1,CRITICAL,2,C2,Any event in two consecutive collections,VMWARE,Datastore,SELF,ALL,STATIC,devices|commandsAborted_summation,GT,STATIC,0,,NUMERIC,true,2,2,Alert,Alert,"New events per collection (use delta, not lifetime total)",0,1 event in one collection,≥ 2 events in a collection or any event in 2 consecutive collections,"Storage paths, HBA/device logs, APD/PDL events and array health.","Interval counters use a one-event warning and two independent Critical branches: two events in one interval, or any event sustained for two intervals.",https://knowledge.broadcom.com/external/article/382249/using-esxtop-and-interpreting-esxtop-sta.html,High
Y25-DATASTORES-R49,Datastores,49,ALERT,true,EXACT,Datastore - Datastore|Total Latency (ms),Datastores,Datastore,VMWARE,Datastore,Datastore|Total Latency (ms),datastore|totalLatency_average,Static latency with media profile,18,19,BADGE,health,1,1,WARNING,1,W1,Warning threshold,VMWARE,Datastore,SELF,ALL,STATIC,datastore|totalLatency_average,GT_EQ,STATIC,15,,NUMERIC,false,3,2,Alert,Alert,Average read/write/total latency (ms),< 15 ms,15 ms to < 30 ms,≥ 30 ms,"Use array/vSAN policy, OIO/queueing, IOPS and throughput to identify cause.",Direct latency thresholds from the workbook.,https://knowledge.broadcom.com/external/article/320864/storage-drs-faq.html ; https://knowledge.broadcom.com/external/article/389082/troubleshooting-vsan-latency-and-perform.html,High
Y25-DATASTORES-R49,Datastores,49,ALERT,true,EXACT,Datastore - Datastore|Total Latency (ms),Datastores,Datastore,VMWARE,Datastore,Datastore|Total Latency (ms),datastore|totalLatency_average,Static latency with media profile,18,19,BADGE,health,1,1,CRITICAL,1,C1,Critical threshold,VMWARE,Datastore,SELF,ALL,STATIC,datastore|totalLatency_average,GT_EQ,STATIC,30,,NUMERIC,false,3,2,Alert,Alert,Average read/write/total latency (ms),< 15 ms,15 ms to < 30 ms,≥ 30 ms,"Use array/vSAN policy, OIO/queueing, IOPS and throughput to identify cause.",Direct latency thresholds from the workbook.,https://knowledge.broadcom.com/external/article/320864/storage-drs-faq.html ; https://knowledge.broadcom.com/external/article/389082/troubleshooting-vsan-latency-and-perform.html,High
Y26-DATASTORES-R51,Datastores,51,ALERT,true,EXACT,Datastore - Datastore|Read Latency (ms),Datastores,Datastore,VMWARE,Datastore,Datastore|Read Latency (ms),datastore|totalReadLatency_average,Static latency with media profile,18,19,BADGE,health,1,1,WARNING,1,W1,Warning threshold,VMWARE,Datastore,SELF,ALL,STATIC,datastore|totalReadLatency_average,GT_EQ,STATIC,15,,NUMERIC,false,3,2,Alert,Alert,Average read/write/total latency (ms),< 15 ms,15 ms to < 30 ms,≥ 30 ms,"Use array/vSAN policy, OIO/queueing, IOPS and throughput to identify cause.",Direct latency thresholds from the workbook.,https://knowledge.broadcom.com/external/article/320864/storage-drs-faq.html ; https://knowledge.broadcom.com/external/article/389082/troubleshooting-vsan-latency-and-perform.html,High
Y26-DATASTORES-R51,Datastores,51,ALERT,true,EXACT,Datastore - Datastore|Read Latency (ms),Datastores,Datastore,VMWARE,Datastore,Datastore|Read Latency (ms),datastore|totalReadLatency_average,Static latency with media profile,18,19,BADGE,health,1,1,CRITICAL,1,C1,Critical threshold,VMWARE,Datastore,SELF,ALL,STATIC,datastore|totalReadLatency_average,GT_EQ,STATIC,30,,NUMERIC,false,3,2,Alert,Alert,Average read/write/total latency (ms),< 15 ms,15 ms to < 30 ms,≥ 30 ms,"Use array/vSAN policy, OIO/queueing, IOPS and throughput to identify cause.",Direct latency thresholds from the workbook.,https://knowledge.broadcom.com/external/article/320864/storage-drs-faq.html ; https://knowledge.broadcom.com/external/article/389082/troubleshooting-vsan-latency-and-perform.html,High
Y27-DATASTORES-R52,Datastores,52,ALERT,true,EXACT,Datastore - Datastore|Write Latency (ms),Datastores,Datastore,VMWARE,Datastore,Datastore|Write Latency (ms),datastore|totalWriteLatency_average,Static latency with media profile,18,19,BADGE,health,1,1,WARNING,1,W1,Warning threshold,VMWARE,Datastore,SELF,ALL,STATIC,datastore|totalWriteLatency_average,GT_EQ,STATIC,15,,NUMERIC,false,3,2,Alert,Alert,Average read/write/total latency (ms),< 15 ms,15 ms to < 30 ms,≥ 30 ms,"Use array/vSAN policy, OIO/queueing, IOPS and throughput to identify cause.",Direct latency thresholds from the workbook.,https://knowledge.broadcom.com/external/article/320864/storage-drs-faq.html ; https://knowledge.broadcom.com/external/article/389082/troubleshooting-vsan-latency-and-perform.html,High
Y27-DATASTORES-R52,Datastores,52,ALERT,true,EXACT,Datastore - Datastore|Write Latency (ms),Datastores,Datastore,VMWARE,Datastore,Datastore|Write Latency (ms),datastore|totalWriteLatency_average,Static latency with media profile,18,19,BADGE,health,1,1,CRITICAL,1,C1,Critical threshold,VMWARE,Datastore,SELF,ALL,STATIC,datastore|totalWriteLatency_average,GT_EQ,STATIC,30,,NUMERIC,false,3,2,Alert,Alert,Average read/write/total latency (ms),< 15 ms,15 ms to < 30 ms,≥ 30 ms,"Use array/vSAN policy, OIO/queueing, IOPS and throughput to identify cause.",Direct latency thresholds from the workbook.,https://knowledge.broadcom.com/external/article/320864/storage-drs-faq.html ; https://knowledge.broadcom.com/external/article/389082/troubleshooting-vsan-latency-and-perform.html,High
Y28-VIRTUAL-NETWORKS-R16,Virtual Networks,16,ALERT,true,EXACT,vSphere Distributed Switch - Percentage of Dropped Packets,Virtual Network,vSphere Distributed Switch,VMWARE,VmwareDistributedVirtualSwitch,Percentage of Dropped Packets,network|port_statistics|dropped_pkts_pct,Static percentage,19,19,BADGE,health,1,1,WARNING,1,W1,Warning threshold,VMWARE,VmwareDistributedVirtualSwitch,SELF,ALL,STATIC,network|port_statistics|dropped_pkts_pct,GT_EQ,STATIC,1,,NUMERIC,false,2,2,Alert,Alert,Dropped packets as % of total packets,< 1%,1% to ≤ 4%,> 4%,"NIC errors, switch port counters, uplink saturation and teaming state.",Direct dropped-packet percentage thresholds from the workbook.,https://knowledge.broadcom.com/external/article/433209/vm-network-has-dropped-transmit-packets.html,High
Y28-VIRTUAL-NETWORKS-R16,Virtual Networks,16,ALERT,true,EXACT,vSphere Distributed Switch - Percentage of Dropped Packets,Virtual Network,vSphere Distributed Switch,VMWARE,VmwareDistributedVirtualSwitch,Percentage of Dropped Packets,network|port_statistics|dropped_pkts_pct,Static percentage,19,19,BADGE,health,1,1,CRITICAL,1,C1,Critical threshold,VMWARE,VmwareDistributedVirtualSwitch,SELF,ALL,STATIC,network|port_statistics|dropped_pkts_pct,GT,STATIC,4,,NUMERIC,false,2,2,Alert,Alert,Dropped packets as % of total packets,< 1%,1% to ≤ 4%,> 4%,"NIC errors, switch port counters, uplink saturation and teaming state.",Direct dropped-packet percentage thresholds from the workbook.,https://knowledge.broadcom.com/external/article/433209/vm-network-has-dropped-transmit-packets.html,High
Y29-VIRTUAL-NETWORKS-R23,Virtual Networks,23,ALERT,true,EXACT,vSphere Distributed Switch - MTU Mismatch,Virtual Network,vSphere Distributed Switch,VMWARE,VmwareDistributedVirtualSwitch,MTU Mismatch,host|mtu_mismatch,Boolean state,19,19,BADGE,health,1,1,WARNING,1,W1,Boolean state true once,VMWARE,VmwareDistributedVirtualSwitch,SELF,ALL,STATIC,host|mtu_mismatch,EQ,STATIC,1,,NUMERIC,true,1,1,Alert,Alert,MTU mismatch state,False / 0,True for 1 collection,True for ≥ 2 collections,"Compare vDS, vmkernel, physical switch and overlay MTU.",Boolean True is Warning after one collection and Critical after two; symptoms are evaluated per host instance.,Company configuration compliance policy,High
Y29-VIRTUAL-NETWORKS-R23,Virtual Networks,23,ALERT,true,EXACT,vSphere Distributed Switch - MTU Mismatch,Virtual Network,vSphere Distributed Switch,VMWARE,VmwareDistributedVirtualSwitch,MTU Mismatch,host|mtu_mismatch,Boolean state,19,19,BADGE,health,1,1,CRITICAL,1,C1,Boolean state true twice,VMWARE,VmwareDistributedVirtualSwitch,SELF,ALL,STATIC,host|mtu_mismatch,EQ,STATIC,1,,NUMERIC,true,2,1,Alert,Alert,MTU mismatch state,False / 0,True for 1 collection,True for ≥ 2 collections,"Compare vDS, vmkernel, physical switch and overlay MTU.",Boolean True is Warning after one collection and Critical after two; symptoms are evaluated per host instance.,Company configuration compliance policy,High
Y30-VIRTUAL-NETWORKS-R27,Virtual Networks,27,ALERT,true,EXACT,vSphere Distributed Switch - Config Out Of Sync,Virtual Network,vSphere Distributed Switch,VMWARE,VmwareDistributedVirtualSwitch,Config Out Of Sync,host|config_outofsync,Boolean state,19,19,BADGE,health,1,1,WARNING,1,W1,Boolean state true once,VMWARE,VmwareDistributedVirtualSwitch,SELF,ALL,STATIC,host|config_outofsync,EQ,STATIC,1,,NUMERIC,true,1,1,Alert,Alert,Configuration out-of-sync state,False / 0,True for 1 collection,True for ≥ 2 collections,"vDS host membership, host connectivity and recent network changes.",Boolean True is Warning after one collection and Critical after two; symptoms are evaluated per host instance.,Company configuration compliance policy,High
Y30-VIRTUAL-NETWORKS-R27,Virtual Networks,27,ALERT,true,EXACT,vSphere Distributed Switch - Config Out Of Sync,Virtual Network,vSphere Distributed Switch,VMWARE,VmwareDistributedVirtualSwitch,Config Out Of Sync,host|config_outofsync,Boolean state,19,19,BADGE,health,1,1,CRITICAL,1,C1,Boolean state true twice,VMWARE,VmwareDistributedVirtualSwitch,SELF,ALL,STATIC,host|config_outofsync,EQ,STATIC,1,,NUMERIC,true,2,1,Alert,Alert,Configuration out-of-sync state,False / 0,True for 1 collection,True for ≥ 2 collections,"vDS host membership, host connectivity and recent network changes.",Boolean True is Warning after one collection and Critical after two; symptoms are evaluated per host instance.,Company configuration compliance policy,High
Y31-VIRTUAL-MACHINES-R9,Virtual Machines,9,ALERT,true,CORRELATED_NATIVE,Virtual Machine - CPU|IO Wait (%),Virtual Machines,Virtual Machine,VMWARE,VirtualMachine,CPU|IO Wait (%),cpu|iowaitPct,Static percentage,16,19,BADGE,health,1,1,WARNING,1,W1,I/O wait warning,VMWARE,VirtualMachine,SELF,ALL,STATIC,cpu|iowaitPct,GT_EQ,STATIC,5,,NUMERIC,false,3,2,Alert,Alert with storage correlation,CPU I/O wait %,< 5%,5% to < 10%,≥ 10%,Require datastore/device latency to be Amber or Red; check ESXi version for known wait-metric behaviour.,VM I/O wait is gated by datastore latency as required by the workbook.,https://knowledge.broadcom.com/external/article/338438/increased-vmwait-for-idle-vms-after-upgr.html ; https://knowledge.broadcom.com/external/article/320864/storage-drs-faq.html,Medium
Y31-VIRTUAL-MACHINES-R9,Virtual Machines,9,ALERT,true,CORRELATED_NATIVE,Virtual Machine - CPU|IO Wait (%),Virtual Machines,Virtual Machine,VMWARE,VirtualMachine,CPU|IO Wait (%),cpu|iowaitPct,Static percentage,16,19,BADGE,health,1,1,WARNING,1,W2,Datastore latency warning gate,VMWARE,VirtualMachine,SELF,ALL,STATIC,datastore|totalLatency_average,GT_EQ,STATIC,15,,NUMERIC,false,3,2,Alert,Alert with storage correlation,CPU I/O wait %,< 5%,5% to < 10%,≥ 10%,Require datastore/device latency to be Amber or Red; check ESXi version for known wait-metric behaviour.,VM I/O wait is gated by datastore latency as required by the workbook.,https://knowledge.broadcom.com/external/article/338438/increased-vmwait-for-idle-vms-after-upgr.html ; https://knowledge.broadcom.com/external/article/320864/storage-drs-faq.html,Medium
Y31-VIRTUAL-MACHINES-R9,Virtual Machines,9,ALERT,true,CORRELATED_NATIVE,Virtual Machine - CPU|IO Wait (%),Virtual Machines,Virtual Machine,VMWARE,VirtualMachine,CPU|IO Wait (%),cpu|iowaitPct,Static percentage,16,19,BADGE,health,1,1,CRITICAL,1,C1,I/O wait critical,VMWARE,VirtualMachine,SELF,ALL,STATIC,cpu|iowaitPct,GT_EQ,STATIC,10,,NUMERIC,false,3,2,Alert,Alert with storage correlation,CPU I/O wait %,< 5%,5% to < 10%,≥ 10%,Require datastore/device latency to be Amber or Red; check ESXi version for known wait-metric behaviour.,VM I/O wait is gated by datastore latency as required by the workbook.,https://knowledge.broadcom.com/external/article/338438/increased-vmwait-for-idle-vms-after-upgr.html ; https://knowledge.broadcom.com/external/article/320864/storage-drs-faq.html,Medium
Y31-VIRTUAL-MACHINES-R9,Virtual Machines,9,ALERT,true,CORRELATED_NATIVE,Virtual Machine - CPU|IO Wait (%),Virtual Machines,Virtual Machine,VMWARE,VirtualMachine,CPU|IO Wait (%),cpu|iowaitPct,Static percentage,16,19,BADGE,health,1,1,CRITICAL,1,C2,Datastore latency critical gate,VMWARE,VirtualMachine,SELF,ALL,STATIC,datastore|totalLatency_average,GT_EQ,STATIC,30,,NUMERIC,false,3,2,Alert,Alert with storage correlation,CPU I/O wait %,< 5%,5% to < 10%,≥ 10%,Require datastore/device latency to be Amber or Red; check ESXi version for known wait-metric behaviour.,VM I/O wait is gated by datastore latency as required by the workbook.,https://knowledge.broadcom.com/external/article/338438/increased-vmwait-for-idle-vms-after-upgr.html ; https://knowledge.broadcom.com/external/article/320864/storage-drs-faq.html,Medium
Y32-VIRTUAL-MACHINES-R11,Virtual Machines,11,MONITOR_ONLY,false,MONITOR_ONLY,Virtual Machine - CPU|Wait (%),Virtual Machines,Virtual Machine,VMWARE,VirtualMachine,CPU|Wait (%),cpu|waitPct,Not suitable as a standalone RAG metric,16,19,BADGE,health,1,1,,,,,,,,,,,,,,,,,,,Alert,Do not alert standalone,N/A,N/A,N/A,N/A,Use CPU Ready/Contention for CPU scheduling and I/O wait plus storage latency for I/O symptoms.,CPU Wait includes idle and other wait states; the workbook explicitly says not to alert on it independently.,https://knowledge.broadcom.com/external/article/382249/using-esxtop-and-interpreting-esxtop-sta.html,High
Y33-VIRTUAL-MACHINES-R15,Virtual Machines,15,ALERT,true,EXACT,Virtual Machine - CPU|CPU Contention (%),Virtual Machines,Virtual Machine,VMWARE,VirtualMachine,CPU|CPU Contention (%),cpu|capacity_contentionPct,Static percentage,16,19,BADGE,health,1,1,WARNING,1,W1,Warning threshold,VMWARE,VirtualMachine,SELF,ALL,STATIC,cpu|capacity_contentionPct,GT_EQ,STATIC,5,,NUMERIC,false,3,2,Alert,Alert,% of collection interval,< 5%,5% to < 10%,≥ 10%,"Check host CPU saturation, co-stop and VM sizing.",Direct CPU contention thresholds from the workbook.,https://knowledge.broadcom.com/external/article/421543/esxi-host-cpu-usage-alarms-and-vm-perfor.html,High
Y33-VIRTUAL-MACHINES-R15,Virtual Machines,15,ALERT,true,EXACT,Virtual Machine - CPU|CPU Contention (%),Virtual Machines,Virtual Machine,VMWARE,VirtualMachine,CPU|CPU Contention (%),cpu|capacity_contentionPct,Static percentage,16,19,BADGE,health,1,1,CRITICAL,1,C1,Critical threshold,VMWARE,VirtualMachine,SELF,ALL,STATIC,cpu|capacity_contentionPct,GT_EQ,STATIC,10,,NUMERIC,false,3,2,Alert,Alert,% of collection interval,< 5%,5% to < 10%,≥ 10%,"Check host CPU saturation, co-stop and VM sizing.",Direct CPU contention thresholds from the workbook.,https://knowledge.broadcom.com/external/article/421543/esxi-host-cpu-usage-alarms-and-vm-perfor.html,High
Y34-VIRTUAL-MACHINES-R21,Virtual Machines,21,ALERT,true,CORRELATED_NATIVE,Virtual Machine - CPU|Usage (%),Virtual Machines,Virtual Machine,VMWARE,VirtualMachine,CPU|Usage (%),cpu|usage_average,Static percentage,16,19,BADGE,health,1,1,WARNING,1,W1A,CPU usage warning,VMWARE,VirtualMachine,SELF,ALL,STATIC,cpu|usage_average,GT_EQ,STATIC,75,,NUMERIC,false,3,2,Alert,Alert with correlation,CPU capacity/usage %,< 75%,75% to < 90%,≥ 90%,"For VM CPU Usage, require CPU demand plus Ready/Contention ≥5% before paging.","VM CPU usage requires demand plus either Ready or Contention, expressed as two OR branches per severity.",https://knowledge.broadcom.com/external/article/421543/esxi-host-cpu-usage-alarms-and-vm-perfor.html,High for host/vCenter; Medium for VM
Y34-VIRTUAL-MACHINES-R21,Virtual Machines,21,ALERT,true,CORRELATED_NATIVE,Virtual Machine - CPU|Usage (%),Virtual Machines,Virtual Machine,VMWARE,VirtualMachine,CPU|Usage (%),cpu|usage_average,Static percentage,16,19,BADGE,health,1,1,WARNING,1,W1B,CPU demand warning gate,VMWARE,VirtualMachine,SELF,ALL,STATIC,cpu|demandPct,GT_EQ,STATIC,75,,NUMERIC,false,3,2,Alert,Alert with correlation,CPU capacity/usage %,< 75%,75% to < 90%,≥ 90%,"For VM CPU Usage, require CPU demand plus Ready/Contention ≥5% before paging.","VM CPU usage requires demand plus either Ready or Contention, expressed as two OR branches per severity.",https://knowledge.broadcom.com/external/article/421543/esxi-host-cpu-usage-alarms-and-vm-perfor.html,High for host/vCenter; Medium for VM
Y34-VIRTUAL-MACHINES-R21,Virtual Machines,21,ALERT,true,CORRELATED_NATIVE,Virtual Machine - CPU|Usage (%),Virtual Machines,Virtual Machine,VMWARE,VirtualMachine,CPU|Usage (%),cpu|usage_average,Static percentage,16,19,BADGE,health,1,1,WARNING,1,W1C,CPU Ready correlation,VMWARE,VirtualMachine,SELF,ALL,STATIC,cpu|readyPct,GT_EQ,STATIC,5,,NUMERIC,false,3,2,Alert,Alert with correlation,CPU capacity/usage %,< 75%,75% to < 90%,≥ 90%,"For VM CPU Usage, require CPU demand plus Ready/Contention ≥5% before paging.","VM CPU usage requires demand plus either Ready or Contention, expressed as two OR branches per severity.",https://knowledge.broadcom.com/external/article/421543/esxi-host-cpu-usage-alarms-and-vm-perfor.html,High for host/vCenter; Medium for VM
Y34-VIRTUAL-MACHINES-R21,Virtual Machines,21,ALERT,true,CORRELATED_NATIVE,Virtual Machine - CPU|Usage (%),Virtual Machines,Virtual Machine,VMWARE,VirtualMachine,CPU|Usage (%),cpu|usage_average,Static percentage,16,19,BADGE,health,1,1,WARNING,2,W2A,CPU usage warning,VMWARE,VirtualMachine,SELF,ALL,STATIC,cpu|usage_average,GT_EQ,STATIC,75,,NUMERIC,false,3,2,Alert,Alert with correlation,CPU capacity/usage %,< 75%,75% to < 90%,≥ 90%,"For VM CPU Usage, require CPU demand plus Ready/Contention ≥5% before paging.","VM CPU usage requires demand plus either Ready or Contention, expressed as two OR branches per severity.",https://knowledge.broadcom.com/external/article/421543/esxi-host-cpu-usage-alarms-and-vm-perfor.html,High for host/vCenter; Medium for VM
Y34-VIRTUAL-MACHINES-R21,Virtual Machines,21,ALERT,true,CORRELATED_NATIVE,Virtual Machine - CPU|Usage (%),Virtual Machines,Virtual Machine,VMWARE,VirtualMachine,CPU|Usage (%),cpu|usage_average,Static percentage,16,19,BADGE,health,1,1,WARNING,2,W2B,CPU demand warning gate,VMWARE,VirtualMachine,SELF,ALL,STATIC,cpu|demandPct,GT_EQ,STATIC,75,,NUMERIC,false,3,2,Alert,Alert with correlation,CPU capacity/usage %,< 75%,75% to < 90%,≥ 90%,"For VM CPU Usage, require CPU demand plus Ready/Contention ≥5% before paging.","VM CPU usage requires demand plus either Ready or Contention, expressed as two OR branches per severity.",https://knowledge.broadcom.com/external/article/421543/esxi-host-cpu-usage-alarms-and-vm-perfor.html,High for host/vCenter; Medium for VM
Y34-VIRTUAL-MACHINES-R21,Virtual Machines,21,ALERT,true,CORRELATED_NATIVE,Virtual Machine - CPU|Usage (%),Virtual Machines,Virtual Machine,VMWARE,VirtualMachine,CPU|Usage (%),cpu|usage_average,Static percentage,16,19,BADGE,health,1,1,WARNING,2,W2C,CPU contention correlation,VMWARE,VirtualMachine,SELF,ALL,STATIC,cpu|capacity_contentionPct,GT_EQ,STATIC,5,,NUMERIC,false,3,2,Alert,Alert with correlation,CPU capacity/usage %,< 75%,75% to < 90%,≥ 90%,"For VM CPU Usage, require CPU demand plus Ready/Contention ≥5% before paging.","VM CPU usage requires demand plus either Ready or Contention, expressed as two OR branches per severity.",https://knowledge.broadcom.com/external/article/421543/esxi-host-cpu-usage-alarms-and-vm-perfor.html,High for host/vCenter; Medium for VM
Y34-VIRTUAL-MACHINES-R21,Virtual Machines,21,ALERT,true,CORRELATED_NATIVE,Virtual Machine - CPU|Usage (%),Virtual Machines,Virtual Machine,VMWARE,VirtualMachine,CPU|Usage (%),cpu|usage_average,Static percentage,16,19,BADGE,health,1,1,CRITICAL,1,C1A,CPU usage critical,VMWARE,VirtualMachine,SELF,ALL,STATIC,cpu|usage_average,GT_EQ,STATIC,90,,NUMERIC,false,3,2,Alert,Alert with correlation,CPU capacity/usage %,< 75%,75% to < 90%,≥ 90%,"For VM CPU Usage, require CPU demand plus Ready/Contention ≥5% before paging.","VM CPU usage requires demand plus either Ready or Contention, expressed as two OR branches per severity.",https://knowledge.broadcom.com/external/article/421543/esxi-host-cpu-usage-alarms-and-vm-perfor.html,High for host/vCenter; Medium for VM
Y34-VIRTUAL-MACHINES-R21,Virtual Machines,21,ALERT,true,CORRELATED_NATIVE,Virtual Machine - CPU|Usage (%),Virtual Machines,Virtual Machine,VMWARE,VirtualMachine,CPU|Usage (%),cpu|usage_average,Static percentage,16,19,BADGE,health,1,1,CRITICAL,1,C1B,CPU demand critical gate,VMWARE,VirtualMachine,SELF,ALL,STATIC,cpu|demandPct,GT_EQ,STATIC,90,,NUMERIC,false,3,2,Alert,Alert with correlation,CPU capacity/usage %,< 75%,75% to < 90%,≥ 90%,"For VM CPU Usage, require CPU demand plus Ready/Contention ≥5% before paging.","VM CPU usage requires demand plus either Ready or Contention, expressed as two OR branches per severity.",https://knowledge.broadcom.com/external/article/421543/esxi-host-cpu-usage-alarms-and-vm-perfor.html,High for host/vCenter; Medium for VM
Y34-VIRTUAL-MACHINES-R21,Virtual Machines,21,ALERT,true,CORRELATED_NATIVE,Virtual Machine - CPU|Usage (%),Virtual Machines,Virtual Machine,VMWARE,VirtualMachine,CPU|Usage (%),cpu|usage_average,Static percentage,16,19,BADGE,health,1,1,CRITICAL,1,C1C,CPU Ready correlation,VMWARE,VirtualMachine,SELF,ALL,STATIC,cpu|readyPct,GT_EQ,STATIC,5,,NUMERIC,false,3,2,Alert,Alert with correlation,CPU capacity/usage %,< 75%,75% to < 90%,≥ 90%,"For VM CPU Usage, require CPU demand plus Ready/Contention ≥5% before paging.","VM CPU usage requires demand plus either Ready or Contention, expressed as two OR branches per severity.",https://knowledge.broadcom.com/external/article/421543/esxi-host-cpu-usage-alarms-and-vm-perfor.html,High for host/vCenter; Medium for VM
Y34-VIRTUAL-MACHINES-R21,Virtual Machines,21,ALERT,true,CORRELATED_NATIVE,Virtual Machine - CPU|Usage (%),Virtual Machines,Virtual Machine,VMWARE,VirtualMachine,CPU|Usage (%),cpu|usage_average,Static percentage,16,19,BADGE,health,1,1,CRITICAL,2,C2A,CPU usage critical,VMWARE,VirtualMachine,SELF,ALL,STATIC,cpu|usage_average,GT_EQ,STATIC,90,,NUMERIC,false,3,2,Alert,Alert with correlation,CPU capacity/usage %,< 75%,75% to < 90%,≥ 90%,"For VM CPU Usage, require CPU demand plus Ready/Contention ≥5% before paging.","VM CPU usage requires demand plus either Ready or Contention, expressed as two OR branches per severity.",https://knowledge.broadcom.com/external/article/421543/esxi-host-cpu-usage-alarms-and-vm-perfor.html,High for host/vCenter; Medium for VM
Y34-VIRTUAL-MACHINES-R21,Virtual Machines,21,ALERT,true,CORRELATED_NATIVE,Virtual Machine - CPU|Usage (%),Virtual Machines,Virtual Machine,VMWARE,VirtualMachine,CPU|Usage (%),cpu|usage_average,Static percentage,16,19,BADGE,health,1,1,CRITICAL,2,C2B,CPU demand critical gate,VMWARE,VirtualMachine,SELF,ALL,STATIC,cpu|demandPct,GT_EQ,STATIC,90,,NUMERIC,false,3,2,Alert,Alert with correlation,CPU capacity/usage %,< 75%,75% to < 90%,≥ 90%,"For VM CPU Usage, require CPU demand plus Ready/Contention ≥5% before paging.","VM CPU usage requires demand plus either Ready or Contention, expressed as two OR branches per severity.",https://knowledge.broadcom.com/external/article/421543/esxi-host-cpu-usage-alarms-and-vm-perfor.html,High for host/vCenter; Medium for VM
Y34-VIRTUAL-MACHINES-R21,Virtual Machines,21,ALERT,true,CORRELATED_NATIVE,Virtual Machine - CPU|Usage (%),Virtual Machines,Virtual Machine,VMWARE,VirtualMachine,CPU|Usage (%),cpu|usage_average,Static percentage,16,19,BADGE,health,1,1,CRITICAL,2,C2C,CPU contention correlation,VMWARE,VirtualMachine,SELF,ALL,STATIC,cpu|capacity_contentionPct,GT_EQ,STATIC,5,,NUMERIC,false,3,2,Alert,Alert with correlation,CPU capacity/usage %,< 75%,75% to < 90%,≥ 90%,"For VM CPU Usage, require CPU demand plus Ready/Contention ≥5% before paging.","VM CPU usage requires demand plus either Ready or Contention, expressed as two OR branches per severity.",https://knowledge.broadcom.com/external/article/421543/esxi-host-cpu-usage-alarms-and-vm-perfor.html,High for host/vCenter; Medium for VM
Y35-VIRTUAL-MACHINES-R24,Virtual Machines,24,ALERT,true,EXACT,Virtual Machine - CPU|Ready (%),Virtual Machines,Virtual Machine,VMWARE,VirtualMachine,CPU|Ready (%),cpu|readyPct,Static percentage,16,19,BADGE,health,1,1,WARNING,1,W1,Warning threshold,VMWARE,VirtualMachine,SELF,ALL,STATIC,cpu|readyPct,GT_EQ,STATIC,5,,NUMERIC,false,3,2,Alert,Alert,% of collection interval,< 5%,5% to < 10%,≥ 10%,"Check host CPU saturation, co-stop and VM sizing.",Direct CPU Ready thresholds from the workbook.,https://knowledge.broadcom.com/external/article/421543/esxi-host-cpu-usage-alarms-and-vm-perfor.html,High
Y35-VIRTUAL-MACHINES-R24,Virtual Machines,24,ALERT,true,EXACT,Virtual Machine - CPU|Ready (%),Virtual Machines,Virtual Machine,VMWARE,VirtualMachine,CPU|Ready (%),cpu|readyPct,Static percentage,16,19,BADGE,health,1,1,CRITICAL,1,C1,Critical threshold,VMWARE,VirtualMachine,SELF,ALL,STATIC,cpu|readyPct,GT_EQ,STATIC,10,,NUMERIC,false,3,2,Alert,Alert,% of collection interval,< 5%,5% to < 10%,≥ 10%,"Check host CPU saturation, co-stop and VM sizing.",Direct CPU Ready thresholds from the workbook.,https://knowledge.broadcom.com/external/article/421543/esxi-host-cpu-usage-alarms-and-vm-perfor.html,High
Y36-VIRTUAL-MACHINES-R59,Virtual Machines,59,ALERT,true,CORRELATED_NATIVE,Virtual Machine - Mem|Balloon (%),Virtual Machines,Virtual Machine,VMWARE,VirtualMachine,Mem|Balloon (%),mem|balloonPct,Zero-baseline state,16,19,BADGE,health,1,1,WARNING,1,W1,Ballooning detected,VMWARE,VirtualMachine,SELF,ALL,STATIC,mem|balloonPct,GT,STATIC,0,,NUMERIC,false,1,2,Alert,Alert,Ballooned memory %,0%,> 0% for 1–2 collections,"> 0% for ≥ 15 minutes, or any host swap activity","Host swap, compression, memory contention and VM active memory.",Sustained ballooning is Critical; non-zero swap-in or swap-out supplies the workbook's immediate alternative Critical branches.,https://knowledge.broadcom.com/external/article/438023/rightsizing-virtual-machines-on-esxi-80.html,High
Y36-VIRTUAL-MACHINES-R59,Virtual Machines,59,ALERT,true,CORRELATED_NATIVE,Virtual Machine - Mem|Balloon (%),Virtual Machines,Virtual Machine,VMWARE,VirtualMachine,Mem|Balloon (%),mem|balloonPct,Zero-baseline state,16,19,BADGE,health,1,1,CRITICAL,1,C1,Ballooning sustained for three collections,VMWARE,VirtualMachine,SELF,ALL,STATIC,mem|balloonPct,GT,STATIC,0,,NUMERIC,false,3,2,Alert,Alert,Ballooned memory %,0%,> 0% for 1–2 collections,"> 0% for ≥ 15 minutes, or any host swap activity","Host swap, compression, memory contention and VM active memory.",Sustained ballooning is Critical; non-zero swap-in or swap-out supplies the workbook's immediate alternative Critical branches.,https://knowledge.broadcom.com/external/article/438023/rightsizing-virtual-machines-on-esxi-80.html,High
Y36-VIRTUAL-MACHINES-R59,Virtual Machines,59,ALERT,true,CORRELATED_NATIVE,Virtual Machine - Mem|Balloon (%),Virtual Machines,Virtual Machine,VMWARE,VirtualMachine,Mem|Balloon (%),mem|balloonPct,Zero-baseline state,16,19,BADGE,health,1,1,CRITICAL,2,C2,Swap-in activity detected,VMWARE,VirtualMachine,SELF,ALL,STATIC,mem|swapinRate_average,GT,STATIC,0,,NUMERIC,false,1,2,Alert,Alert,Ballooned memory %,0%,> 0% for 1–2 collections,"> 0% for ≥ 15 minutes, or any host swap activity","Host swap, compression, memory contention and VM active memory.",Sustained ballooning is Critical; non-zero swap-in or swap-out supplies the workbook's immediate alternative Critical branches.,https://knowledge.broadcom.com/external/article/438023/rightsizing-virtual-machines-on-esxi-80.html,High
Y36-VIRTUAL-MACHINES-R59,Virtual Machines,59,ALERT,true,CORRELATED_NATIVE,Virtual Machine - Mem|Balloon (%),Virtual Machines,Virtual Machine,VMWARE,VirtualMachine,Mem|Balloon (%),mem|balloonPct,Zero-baseline state,16,19,BADGE,health,1,1,CRITICAL,3,C3,Swap-out activity detected,VMWARE,VirtualMachine,SELF,ALL,STATIC,mem|swapoutRate_average,GT,STATIC,0,,NUMERIC,false,1,2,Alert,Alert,Ballooned memory %,0%,> 0% for 1–2 collections,"> 0% for ≥ 15 minutes, or any host swap activity","Host swap, compression, memory contention and VM active memory.",Sustained ballooning is Critical; non-zero swap-in or swap-out supplies the workbook's immediate alternative Critical branches.,https://knowledge.broadcom.com/external/article/438023/rightsizing-virtual-machines-on-esxi-80.html,High
Y37-VIRTUAL-MACHINES-R87,Virtual Machines,87,MONITOR_ONLY,false,MONITOR_ONLY,Virtual Machine - Memory|Consumed (%),Virtual Machines,Virtual Machine,VMWARE,VirtualMachine,Memory|Consumed (%),mem|consumedPct,Not suitable standalone,16,19,BADGE,health,1,1,,,,,,,,,,,,,,,,,,,Alert,Change to Monitor,Consumed memory %,Trend only,N/A,N/A,"Use active memory, balloon, swap and contention.","Consumed memory includes cache and is retained as a trend/context metric only, matching the workbook's Change to Monitor instruction.",https://knowledge.broadcom.com/external/article/440616/high-memory-usage-on-linux-based-virtual.html ; https://knowledge.broadcom.com/external/article/415396/high-memory-utilization-alarms-observed.html,High
Y38-VIRTUAL-MACHINES-R90,Virtual Machines,90,ALERT,true,NATIVE_DYNAMIC,Virtual Machine - Datastore|Number of Outstanding IO Operations,Virtual Machines,Virtual Machine,VMWARE,VirtualMachine,Datastore|Number of Outstanding IO Operations,datastore|oio,Dynamic baseline plus queue depth,16,19,BADGE,health,1,1,WARNING,1,W1,Primary metric above dynamic threshold,VMWARE,VirtualMachine,SELF,ALL,DYNAMIC,datastore|oio,DT_ABOVE,,,,NUMERIC,false,3,2,Alert,Baseline / queue-aware alert,Outstanding I/O compared with baseline and configured queue depth,≤ 95th percentile and queue load < 1,> 95th percentile or queue 70%–100% utilised,> 99th percentile or queue load > 1 with latency Red,"HBA/device queue depth, datastore latency, commands queued and storage path health.",The workbook percentile wording is implemented with Aria Operations' native DT_ABOVE condition. Latency gates distinguish Warning from Critical and suppress activity-only alerts.,https://knowledge.broadcom.com/external/article/382249/using-esxtop-and-interpreting-esxtop-sta.html,High
Y38-VIRTUAL-MACHINES-R90,Virtual Machines,90,ALERT,true,NATIVE_DYNAMIC,Virtual Machine - Datastore|Number of Outstanding IO Operations,Virtual Machines,Virtual Machine,VMWARE,VirtualMachine,Datastore|Number of Outstanding IO Operations,datastore|oio,Dynamic baseline plus queue depth,16,19,BADGE,health,1,1,WARNING,1,W2,Latency warning gate,VMWARE,VirtualMachine,SELF,ALL,STATIC,datastore|totalLatency_average,GT_EQ,STATIC,15,,NUMERIC,false,3,2,Alert,Baseline / queue-aware alert,Outstanding I/O compared with baseline and configured queue depth,≤ 95th percentile and queue load < 1,> 95th percentile or queue 70%–100% utilised,> 99th percentile or queue load > 1 with latency Red,"HBA/device queue depth, datastore latency, commands queued and storage path health.",The workbook percentile wording is implemented with Aria Operations' native DT_ABOVE condition. Latency gates distinguish Warning from Critical and suppress activity-only alerts.,https://knowledge.broadcom.com/external/article/382249/using-esxtop-and-interpreting-esxtop-sta.html,High
Y38-VIRTUAL-MACHINES-R90,Virtual Machines,90,ALERT,true,NATIVE_DYNAMIC,Virtual Machine - Datastore|Number of Outstanding IO Operations,Virtual Machines,Virtual Machine,VMWARE,VirtualMachine,Datastore|Number of Outstanding IO Operations,datastore|oio,Dynamic baseline plus queue depth,16,19,BADGE,health,1,1,CRITICAL,1,C1,Primary metric above dynamic threshold,VMWARE,VirtualMachine,SELF,ALL,DYNAMIC,datastore|oio,DT_ABOVE,,,,NUMERIC,false,3,2,Alert,Baseline / queue-aware alert,Outstanding I/O compared with baseline and configured queue depth,≤ 95th percentile and queue load < 1,> 95th percentile or queue 70%–100% utilised,> 99th percentile or queue load > 1 with latency Red,"HBA/device queue depth, datastore latency, commands queued and storage path health.",The workbook percentile wording is implemented with Aria Operations' native DT_ABOVE condition. Latency gates distinguish Warning from Critical and suppress activity-only alerts.,https://knowledge.broadcom.com/external/article/382249/using-esxtop-and-interpreting-esxtop-sta.html,High
Y38-VIRTUAL-MACHINES-R90,Virtual Machines,90,ALERT,true,NATIVE_DYNAMIC,Virtual Machine - Datastore|Number of Outstanding IO Operations,Virtual Machines,Virtual Machine,VMWARE,VirtualMachine,Datastore|Number of Outstanding IO Operations,datastore|oio,Dynamic baseline plus queue depth,16,19,BADGE,health,1,1,CRITICAL,1,C2,Latency critical gate,VMWARE,VirtualMachine,SELF,ALL,STATIC,datastore|totalLatency_average,GT_EQ,STATIC,30,,NUMERIC,false,3,2,Alert,Baseline / queue-aware alert,Outstanding I/O compared with baseline and configured queue depth,≤ 95th percentile and queue load < 1,> 95th percentile or queue 70%–100% utilised,> 99th percentile or queue load > 1 with latency Red,"HBA/device queue depth, datastore latency, commands queued and storage path health.",The workbook percentile wording is implemented with Aria Operations' native DT_ABOVE condition. Latency gates distinguish Warning from Critical and suppress activity-only alerts.,https://knowledge.broadcom.com/external/article/382249/using-esxtop-and-interpreting-esxtop-sta.html,High
Y39-VIRTUAL-MACHINES-R126,Virtual Machines,126,ALERT,true,NATIVE_DYNAMIC,Virtual Machine - VirtualDisk|Usage,Virtual Machines,Virtual Machine,VMWARE,VirtualMachine,VirtualDisk|Usage,virtualDisk|usage,Dynamic baseline,16,19,BADGE,health,1,1,WARNING,1,W1,Primary metric above dynamic threshold,VMWARE,VirtualMachine,SELF,ALL,DYNAMIC,virtualDisk|usage,DT_ABOVE,,,,NUMERIC,true,3,2,Alert,Baseline / context metric,IOPS or virtual-disk activity versus 30-day same-time baseline,≤ 95th percentile or latency Green,> 95th percentile and latency Amber,> 99th percentile and latency Red / queue saturated,"Datastore latency, queue depth, OIO, storage policy and workload schedule.",The workbook percentile wording is implemented with Aria Operations' native DT_ABOVE condition. Latency gates distinguish Warning from Critical and suppress activity-only alerts.,https://knowledge.broadcom.com/external/article/430030/faq-metrics-needed-in-aria-operations-fo.html ; https://knowledge.broadcom.com/external/article/382249/using-esxtop-and-interpreting-esxtop-sta.html,High
Y39-VIRTUAL-MACHINES-R126,Virtual Machines,126,ALERT,true,NATIVE_DYNAMIC,Virtual Machine - VirtualDisk|Usage,Virtual Machines,Virtual Machine,VMWARE,VirtualMachine,VirtualDisk|Usage,virtualDisk|usage,Dynamic baseline,16,19,BADGE,health,1,1,WARNING,1,W2,Latency warning gate,VMWARE,VirtualMachine,SELF,ALL,STATIC,virtualDisk|totalLatency,GT_EQ,STATIC,15,,NUMERIC,true,3,2,Alert,Baseline / context metric,IOPS or virtual-disk activity versus 30-day same-time baseline,≤ 95th percentile or latency Green,> 95th percentile and latency Amber,> 99th percentile and latency Red / queue saturated,"Datastore latency, queue depth, OIO, storage policy and workload schedule.",The workbook percentile wording is implemented with Aria Operations' native DT_ABOVE condition. Latency gates distinguish Warning from Critical and suppress activity-only alerts.,https://knowledge.broadcom.com/external/article/430030/faq-metrics-needed-in-aria-operations-fo.html ; https://knowledge.broadcom.com/external/article/382249/using-esxtop-and-interpreting-esxtop-sta.html,High
Y39-VIRTUAL-MACHINES-R126,Virtual Machines,126,ALERT,true,NATIVE_DYNAMIC,Virtual Machine - VirtualDisk|Usage,Virtual Machines,Virtual Machine,VMWARE,VirtualMachine,VirtualDisk|Usage,virtualDisk|usage,Dynamic baseline,16,19,BADGE,health,1,1,CRITICAL,1,C1,Primary metric above dynamic threshold,VMWARE,VirtualMachine,SELF,ALL,DYNAMIC,virtualDisk|usage,DT_ABOVE,,,,NUMERIC,true,3,2,Alert,Baseline / context metric,IOPS or virtual-disk activity versus 30-day same-time baseline,≤ 95th percentile or latency Green,> 95th percentile and latency Amber,> 99th percentile and latency Red / queue saturated,"Datastore latency, queue depth, OIO, storage policy and workload schedule.",The workbook percentile wording is implemented with Aria Operations' native DT_ABOVE condition. Latency gates distinguish Warning from Critical and suppress activity-only alerts.,https://knowledge.broadcom.com/external/article/430030/faq-metrics-needed-in-aria-operations-fo.html ; https://knowledge.broadcom.com/external/article/382249/using-esxtop-and-interpreting-esxtop-sta.html,High
Y39-VIRTUAL-MACHINES-R126,Virtual Machines,126,ALERT,true,NATIVE_DYNAMIC,Virtual Machine - VirtualDisk|Usage,Virtual Machines,Virtual Machine,VMWARE,VirtualMachine,VirtualDisk|Usage,virtualDisk|usage,Dynamic baseline,16,19,BADGE,health,1,1,CRITICAL,1,C2,Latency critical gate,VMWARE,VirtualMachine,SELF,ALL,STATIC,virtualDisk|totalLatency,GT_EQ,STATIC,30,,NUMERIC,true,3,2,Alert,Baseline / context metric,IOPS or virtual-disk activity versus 30-day same-time baseline,≤ 95th percentile or latency Green,> 95th percentile and latency Amber,> 99th percentile and latency Red / queue saturated,"Datastore latency, queue depth, OIO, storage policy and workload schedule.",The workbook percentile wording is implemented with Aria Operations' native DT_ABOVE condition. Latency gates distinguish Warning from Critical and suppress activity-only alerts.,https://knowledge.broadcom.com/external/article/430030/faq-metrics-needed-in-aria-operations-fo.html ; https://knowledge.broadcom.com/external/article/382249/using-esxtop-and-interpreting-esxtop-sta.html,High
Y40-VIRTUAL-MACHINES-R152,Virtual Machines,152,ALERT,true,POLICY_ASSUMPTION,Virtual Machine - Guest file system|Guest File System Usage (%),Virtual Machines,Virtual Machine,VMWARE,VirtualMachine,Guest file system|Guest File System Usage (%),guestfilesystem|percentage,Static percentage plus minimum free reserve,16,19,BADGE,health,1,1,WARNING,1,W1,Partition utilization warning,VMWARE,VirtualMachine,SELF,ALL,STATIC,guestfilesystem|percentage,GT_EQ,STATIC,80,,NUMERIC,true,2,2,Alert,Alert,Guest filesystem used %,< 80% used,80% to < 90% used,≥ 90% used,"Filesystem size, growth rate, mount purpose and approved exclusions.","The workbook leaves the minimum reserve unspecified. This configuration uses explicit, editable 2 GB Warning and 1 GB Critical free-space reserves, combined with percentage thresholds by OR.",Company operating-system capacity policy,Policy
Y40-VIRTUAL-MACHINES-R152,Virtual Machines,152,ALERT,true,POLICY_ASSUMPTION,Virtual Machine - Guest file system|Guest File System Usage (%),Virtual Machines,Virtual Machine,VMWARE,VirtualMachine,Guest file system|Guest File System Usage (%),guestfilesystem|percentage,Static percentage plus minimum free reserve,16,19,BADGE,health,1,1,WARNING,2,W2,Partition free-space reserve warning,VMWARE,VirtualMachine,SELF,ALL,STATIC,guestfilesystem|freespace,LT_EQ,STATIC,2,,NUMERIC,true,2,2,Alert,Alert,Guest filesystem used %,< 80% used,80% to < 90% used,≥ 90% used,"Filesystem size, growth rate, mount purpose and approved exclusions.","The workbook leaves the minimum reserve unspecified. This configuration uses explicit, editable 2 GB Warning and 1 GB Critical free-space reserves, combined with percentage thresholds by OR.",Company operating-system capacity policy,Policy
Y40-VIRTUAL-MACHINES-R152,Virtual Machines,152,ALERT,true,POLICY_ASSUMPTION,Virtual Machine - Guest file system|Guest File System Usage (%),Virtual Machines,Virtual Machine,VMWARE,VirtualMachine,Guest file system|Guest File System Usage (%),guestfilesystem|percentage,Static percentage plus minimum free reserve,16,19,BADGE,health,1,1,CRITICAL,1,C1,Partition utilization critical,VMWARE,VirtualMachine,SELF,ALL,STATIC,guestfilesystem|percentage,GT_EQ,STATIC,90,,NUMERIC,true,2,2,Alert,Alert,Guest filesystem used %,< 80% used,80% to < 90% used,≥ 90% used,"Filesystem size, growth rate, mount purpose and approved exclusions.","The workbook leaves the minimum reserve unspecified. This configuration uses explicit, editable 2 GB Warning and 1 GB Critical free-space reserves, combined with percentage thresholds by OR.",Company operating-system capacity policy,Policy
Y40-VIRTUAL-MACHINES-R152,Virtual Machines,152,ALERT,true,POLICY_ASSUMPTION,Virtual Machine - Guest file system|Guest File System Usage (%),Virtual Machines,Virtual Machine,VMWARE,VirtualMachine,Guest file system|Guest File System Usage (%),guestfilesystem|percentage,Static percentage plus minimum free reserve,16,19,BADGE,health,1,1,CRITICAL,2,C2,Partition free-space reserve critical,VMWARE,VirtualMachine,SELF,ALL,STATIC,guestfilesystem|freespace,LT_EQ,STATIC,1,,NUMERIC,true,2,2,Alert,Alert,Guest filesystem used %,< 80% used,80% to < 90% used,≥ 90% used,"Filesystem size, growth rate, mount purpose and approved exclusions.","The workbook leaves the minimum reserve unspecified. This configuration uses explicit, editable 2 GB Warning and 1 GB Critical free-space reserves, combined with percentage thresholds by OR.",Company operating-system capacity policy,Policy
Y41-VIRTUAL-MACHINES-R155,Virtual Machines,155,ALERT,true,POLICY_ASSUMPTION,Virtual Machine - Guest file system|Total Guest File System Usage (%),Virtual Machines,Virtual Machine,VMWARE,VirtualMachine,Guest file system|Total Guest File System Usage (%),guestfilesystem|percentage_total,Static percentage plus minimum free reserve,16,19,BADGE,health,1,1,WARNING,1,W1,Total guest filesystem utilization warning,VMWARE,VirtualMachine,SELF,ALL,STATIC,guestfilesystem|percentage_total,GT_EQ,STATIC,80,,NUMERIC,false,2,2,Alert,Alert,Guest filesystem used %,< 80% used,80% to < 90% used,≥ 90% used,"Filesystem size, growth rate, mount purpose and approved exclusions.","The workbook leaves the minimum reserve unspecified. This configuration uses explicit, editable 2 GB Warning and 1 GB Critical total free-space reserves, combined with percentage thresholds by OR.",Company operating-system capacity policy,Policy
Y41-VIRTUAL-MACHINES-R155,Virtual Machines,155,ALERT,true,POLICY_ASSUMPTION,Virtual Machine - Guest file system|Total Guest File System Usage (%),Virtual Machines,Virtual Machine,VMWARE,VirtualMachine,Guest file system|Total Guest File System Usage (%),guestfilesystem|percentage_total,Static percentage plus minimum free reserve,16,19,BADGE,health,1,1,WARNING,2,W2,Total guest filesystem reserve warning,VMWARE,VirtualMachine,SELF,ALL,STATIC,guestfilesystem|freespace_total,LT_EQ,STATIC,2,,NUMERIC,false,2,2,Alert,Alert,Guest filesystem used %,< 80% used,80% to < 90% used,≥ 90% used,"Filesystem size, growth rate, mount purpose and approved exclusions.","The workbook leaves the minimum reserve unspecified. This configuration uses explicit, editable 2 GB Warning and 1 GB Critical total free-space reserves, combined with percentage thresholds by OR.",Company operating-system capacity policy,Policy
Y41-VIRTUAL-MACHINES-R155,Virtual Machines,155,ALERT,true,POLICY_ASSUMPTION,Virtual Machine - Guest file system|Total Guest File System Usage (%),Virtual Machines,Virtual Machine,VMWARE,VirtualMachine,Guest file system|Total Guest File System Usage (%),guestfilesystem|percentage_total,Static percentage plus minimum free reserve,16,19,BADGE,health,1,1,CRITICAL,1,C1,Total guest filesystem utilization critical,VMWARE,VirtualMachine,SELF,ALL,STATIC,guestfilesystem|percentage_total,GT_EQ,STATIC,90,,NUMERIC,false,2,2,Alert,Alert,Guest filesystem used %,< 80% used,80% to < 90% used,≥ 90% used,"Filesystem size, growth rate, mount purpose and approved exclusions.","The workbook leaves the minimum reserve unspecified. This configuration uses explicit, editable 2 GB Warning and 1 GB Critical total free-space reserves, combined with percentage thresholds by OR.",Company operating-system capacity policy,Policy
Y41-VIRTUAL-MACHINES-R155,Virtual Machines,155,ALERT,true,POLICY_ASSUMPTION,Virtual Machine - Guest file system|Total Guest File System Usage (%),Virtual Machines,Virtual Machine,VMWARE,VirtualMachine,Guest file system|Total Guest File System Usage (%),guestfilesystem|percentage_total,Static percentage plus minimum free reserve,16,19,BADGE,health,1,1,CRITICAL,2,C2,Total guest filesystem reserve critical,VMWARE,VirtualMachine,SELF,ALL,STATIC,guestfilesystem|freespace_total,LT_EQ,STATIC,1,,NUMERIC,false,2,2,Alert,Alert,Guest filesystem used %,< 80% used,80% to < 90% used,≥ 90% used,"Filesystem size, growth rate, mount purpose and approved exclusions.","The workbook leaves the minimum reserve unspecified. This configuration uses explicit, editable 2 GB Warning and 1 GB Critical total free-space reserves, combined with percentage thresholds by OR.",Company operating-system capacity policy,Policy
Y42-VIRTUAL-MACHINES-R164,Virtual Machines,164,ALERT,true,EXACT,Virtual Machine - Net|Packets Dropped (%),Virtual Machines,Virtual Machine,VMWARE,VirtualMachine,Net|Packets Dropped (%),net|droppedPct,Static percentage,16,19,BADGE,health,1,1,WARNING,1,W1,Warning threshold,VMWARE,VirtualMachine,SELF,ALL,STATIC,net|droppedPct,GT_EQ,STATIC,1,,NUMERIC,false,2,2,Alert,Alert,Dropped packets as % of total packets,< 1%,1% to ≤ 4%,> 4%,"NIC errors, switch port counters, uplink saturation and teaming state.",Direct dropped-packet percentage thresholds from the workbook.,https://knowledge.broadcom.com/external/article/433209/vm-network-has-dropped-transmit-packets.html,High
Y42-VIRTUAL-MACHINES-R164,Virtual Machines,164,ALERT,true,EXACT,Virtual Machine - Net|Packets Dropped (%),Virtual Machines,Virtual Machine,VMWARE,VirtualMachine,Net|Packets Dropped (%),net|droppedPct,Static percentage,16,19,BADGE,health,1,1,CRITICAL,1,C1,Critical threshold,VMWARE,VirtualMachine,SELF,ALL,STATIC,net|droppedPct,GT,STATIC,4,,NUMERIC,false,2,2,Alert,Alert,Dropped packets as % of total packets,< 1%,1% to ≤ 4%,> 4%,"NIC errors, switch port counters, uplink saturation and teaming state.",Direct dropped-packet percentage thresholds from the workbook.,https://knowledge.broadcom.com/external/article/433209/vm-network-has-dropped-transmit-packets.html,High
Y43-VIRTUAL-MACHINES-R173,Virtual Machines,173,ALERT,true,EXACT,Virtual Machine - Sys|Powered ON,Virtual Machines,Virtual Machine,VMWARE,VirtualMachine,Sys|Powered ON,sys|poweredOn,Enumerated state,16,19,BADGE,health,1,1,WARNING,1,W1,Power state unknown once,VMWARE,VirtualMachine,SELF,ALL,STATIC,sys|poweredOn,EQ,STATIC,-1,,NUMERIC,false,1,1,Alert,Alert only for unknown state,Power-state value,Known state: 0 (off) or 1 (on),-1 / unknown for 1 collection,-1 / unknown for ≥ 2 collections,"Adapter collection status, vCenter connectivity and object existence.",Only the unknown -1 enumeration alerts: Warning after one collection and Critical after two. Powered-off 0 is healthy for this rule.,Company availability policy / metric enumeration,High
Y43-VIRTUAL-MACHINES-R173,Virtual Machines,173,ALERT,true,EXACT,Virtual Machine - Sys|Powered ON,Virtual Machines,Virtual Machine,VMWARE,VirtualMachine,Sys|Powered ON,sys|poweredOn,Enumerated state,16,19,BADGE,health,1,1,CRITICAL,1,C1,Power state unknown twice,VMWARE,VirtualMachine,SELF,ALL,STATIC,sys|poweredOn,EQ,STATIC,-1,,NUMERIC,false,2,1,Alert,Alert only for unknown state,Power-state value,Known state: 0 (off) or 1 (on),-1 / unknown for 1 collection,-1 / unknown for ≥ 2 collections,"Adapter collection status, vCenter connectivity and object existence.",Only the unknown -1 enumeration alerts: Warning after one collection and Critical after two. Powered-off 0 is healthy for this rule.,Company availability policy / metric enumeration,High
Y44-VIRTUAL-MACHINES-R183,Virtual Machines,183,ALERT,true,CORRELATED_NATIVE,Virtual Machine - Storage|Contention (%),Virtual Machines,Virtual Machine,VMWARE,VirtualMachine,Storage|Contention (%),storage|contention,Static percentage,16,19,BADGE,health,1,1,WARNING,1,W1,Storage contention warning,VMWARE,VirtualMachine,SELF,ALL,STATIC,storage|contention,GT_EQ,STATIC,5,,NUMERIC,false,3,2,Alert,Alert with latency correlation,Storage contention %,< 5%,5% to < 10%,≥ 10%,"Datastore latency, OIO/queueing and storage path health.",Storage contention is gated by the VM storage-latency metric as requested by the workbook.,https://knowledge.broadcom.com/external/article/430030/faq-metrics-needed-in-aria-operations-fo.html,Medium-Low
Y44-VIRTUAL-MACHINES-R183,Virtual Machines,183,ALERT,true,CORRELATED_NATIVE,Virtual Machine - Storage|Contention (%),Virtual Machines,Virtual Machine,VMWARE,VirtualMachine,Storage|Contention (%),storage|contention,Static percentage,16,19,BADGE,health,1,1,WARNING,1,W2,Storage latency warning gate,VMWARE,VirtualMachine,SELF,ALL,STATIC,storage|totalLatency_average,GT_EQ,STATIC,15,,NUMERIC,false,3,2,Alert,Alert with latency correlation,Storage contention %,< 5%,5% to < 10%,≥ 10%,"Datastore latency, OIO/queueing and storage path health.",Storage contention is gated by the VM storage-latency metric as requested by the workbook.,https://knowledge.broadcom.com/external/article/430030/faq-metrics-needed-in-aria-operations-fo.html,Medium-Low
Y44-VIRTUAL-MACHINES-R183,Virtual Machines,183,ALERT,true,CORRELATED_NATIVE,Virtual Machine - Storage|Contention (%),Virtual Machines,Virtual Machine,VMWARE,VirtualMachine,Storage|Contention (%),storage|contention,Static percentage,16,19,BADGE,health,1,1,CRITICAL,1,C1,Storage contention critical,VMWARE,VirtualMachine,SELF,ALL,STATIC,storage|contention,GT_EQ,STATIC,10,,NUMERIC,false,3,2,Alert,Alert with latency correlation,Storage contention %,< 5%,5% to < 10%,≥ 10%,"Datastore latency, OIO/queueing and storage path health.",Storage contention is gated by the VM storage-latency metric as requested by the workbook.,https://knowledge.broadcom.com/external/article/430030/faq-metrics-needed-in-aria-operations-fo.html,Medium-Low
Y44-VIRTUAL-MACHINES-R183,Virtual Machines,183,ALERT,true,CORRELATED_NATIVE,Virtual Machine - Storage|Contention (%),Virtual Machines,Virtual Machine,VMWARE,VirtualMachine,Storage|Contention (%),storage|contention,Static percentage,16,19,BADGE,health,1,1,CRITICAL,1,C2,Storage latency critical gate,VMWARE,VirtualMachine,SELF,ALL,STATIC,storage|totalLatency_average,GT_EQ,STATIC,30,,NUMERIC,false,3,2,Alert,Alert with latency correlation,Storage contention %,< 5%,5% to < 10%,≥ 10%,"Datastore latency, OIO/queueing and storage path health.",Storage contention is gated by the VM storage-latency metric as requested by the workbook.,https://knowledge.broadcom.com/external/article/430030/faq-metrics-needed-in-aria-operations-fo.html,Medium-Low
